,News Account,Tweet,Tweet Date,VADER Compound,VADER Negative,VADER Neutral,VADER Positive
0,The New York Times,This video is the first piece in a series about these residents. Their stories offer a look at how people are confr… https://t.co/NLB5u8MLra,Mon Mar 19 19:02:38 +0000 2018,0.0,0.0,0.0,0.0
1,The New York Times,"In the 6 months since Harvey, The New York Times followed several families in the Cinco Ranch community as they str… https://t.co/naAH2tvhPx",Mon Mar 19 19:01:46 +0000 2018,0.0,0.0,0.0,0.0
2,The New York Times,The homes in Cinco Ranch sat on land that had been designed to flood — a fact that wasn’t widely publicized when a… https://t.co/qAwdPWE5WV,Mon Mar 19 19:00:57 +0000 2018,0.0,0.0,0.0,0.0
3,The New York Times,"After Hurricane Harvey swamped Houston, some residents of one suburban area were shocked to learn that the flooding… https://t.co/QYRyJRcO7D",Mon Mar 19 19:00:10 +0000 2018,-0.3182,0.113,0.0,0.0
4,The New York Times,"RT @tiffkhsu: Claire's, where I and all of my friends and all of their friends got ears pierced as teenagers, is filing for Chapter 11 bank…",Mon Mar 19 18:50:06 +0000 2018,0.7351,0.0,0.212,0.212
5,The New York Times,Does New York want another celebrity in public office? The actress Cynthia Nixon hopes so: She just entered the rac… https://t.co/tmzrIs6quF,Mon Mar 19 18:40:22 +0000 2018,0.4767,0.0,0.177,0.177
6,The New York Times,"RT @julieturkewitz: For much of our country's history, native people weren't permitted to vote. Now there are a historic number of indigeno…",Mon Mar 19 18:40:04 +0000 2018,0.0772,0.0,0.061,0.061
7,The New York Times,"4 bombings this month in Austin, including one on Sunday night, have killed 2 people and injured 4. Here's what we… https://t.co/bqa42mRTn7",Mon Mar 19 18:30:04 +0000 2018,-0.802,0.286,0.0,0.0
8,The New York Times,Another reader reacts to the news that a woman died after being hit by a self-driving Uber car… https://t.co/z1uax6tzgG,Mon Mar 19 18:21:43 +0000 2018,-0.5574,0.184,0.0,0.0
9,The New York Times,A New York Times reader reacts to the news that a woman died after being hit by a self-driving Uber car… https://t.co/1Tm0f1qpdM,Mon Mar 19 18:20:05 +0000 2018,-0.5574,0.167,0.0,0.0
10,The New York Times,You'll probably need to do a little shopping to make this traditional dish. But it's well worth it. https://t.co/8sjpx5xcn7,Mon Mar 19 18:10:09 +0000 2018,0.4588,0.0,0.2,0.2
11,The New York Times,"RT @NYTSports: Tyronn Lue: “I have had chest pains and other troubling symptoms."" He's stepping away from the Cavs with just 13 games left…",Mon Mar 19 18:00:11 +0000 2018,-0.743,0.223,0.0,0.0
12,The New York Times,"Andrew McCabe, the former FBI deputy director, was fired late Friday night — on the eve of his retirement. Here’s w… https://t.co/WgdgoA0WtP",Mon Mar 19 17:50:06 +0000 2018,-0.5574,0.153,0.0,0.0
13,The New York Times,Stuffed ham is one of America’s most regionally specific dishes. People in Southern Maryland cherish it. https://t.co/g2tDQy5xWK,Mon Mar 19 17:40:10 +0000 2018,0.3818,0.0,0.14,0.14
14,The New York Times,One NYT reader embraces the practice of flirting for tips https://t.co/bzmsCpF0sp https://t.co/35aiorjdej,Mon Mar 19 17:35:00 +0000 2018,0.2023,0.0,0.141,0.141
15,The New York Times,"RT @jasondhorowitz: Luigi Di Maio, 31, and Italy's potential next leader, was living at home “until five years ago,” his mother tells me. M…",Mon Mar 19 17:30:06 +0000 2018,0.0,0.0,0.0,0.0
16,The New York Times,President Trump is planning to hire a lawyer who’s pushed theories on Fox News that Trump was framed by the FBI and… https://t.co/W8oVqa5D2I,Mon Mar 19 17:17:10 +0000 2018,0.0,0.0,0.0,0.0
17,The New York Times,"The change of a single word in the new tax law means the MLB, NBA and other sports franchises could now face capita… https://t.co/NBcgIvPN2X",Mon Mar 19 17:05:07 +0000 2018,0.0,0.0,0.0,0.0
18,The New York Times,"Breaking News: A woman died after being hit by a self-driving Uber car in Tempe, Arizona. It’s the first known pede… https://t.co/KqD9AUqOm5",Mon Mar 19 16:55:21 +0000 2018,-0.5574,0.159,0.0,0.0
19,The New York Times,"RT @nytopinion: I am a junior in high school, and I regularly shoot guns, for target practice and hunting, writes Dakota Hanchett https://t…",Mon Mar 19 16:50:05 +0000 2018,-0.34,0.112,0.0,0.0
20,The New York Times,Britain will have a transition period after the country withdraws from the EU — as long as a deal can be struck to… https://t.co/j3M7RRrd5d,Mon Mar 19 16:40:07 +0000 2018,-0.25,0.091,0.0,0.0
21,The New York Times,What we know about the Austin bombings https://t.co/EfHgpraY8B,Mon Mar 19 16:30:10 +0000 2018,0.0,0.0,0.0,0.0
22,The New York Times,"The Austin police chief sent an unusual public message to the unknown bomber or bombers on Sunday: ""We assure you t… https://t.co/BYmbbRdr6n",Mon Mar 19 16:20:09 +0000 2018,0.34,0.0,0.103,0.103
23,The New York Times,"RT @NYTMetro: Prewar walk-up, airy loft, garden flat or sky-high glass-and-steel cube — we took a look at the history of the New York City…",Mon Mar 19 16:10:08 +0000 2018,0.0,0.0,0.0,0.0
24,The New York Times,"After we published an article examining how servers endure harassing behavior for tips, readers wrote in with their… https://t.co/2zaaCSwtzd",Mon Mar 19 16:00:19 +0000 2018,-0.5423,0.163,0.0,0.0
25,The New York Times,"In her early 20s, Mary Ewing Outerbridge brought tennis to the U.S. in the 1870s, establishing what may have been A… https://t.co/vqkNjr5uhs",Mon Mar 19 15:50:08 +0000 2018,0.0,0.0,0.0,0.0
26,The New York Times,"Michael Ferro stepped down as the chairman of Tronc, just weeks after he helped negotiate the sale of The Los Angel… https://t.co/2ctT8mAELY",Mon Mar 19 15:39:25 +0000 2018,0.0,0.0,0.0,0.0
27,The New York Times,YouTube announced it would enlist Wikipedia’s help to deal with the proliferation of conspiracy theories and misinf… https://t.co/BRgKu7qgmR,Mon Mar 19 15:30:02 +0000 2018,-0.1779,0.154,0.122,0.122
28,The New York Times,RT @nhannahjones: An absolutely devastating new study about race and black males. Sons of wealthy black parents no better off than sons of…,Mon Mar 19 15:20:05 +0000 2018,-0.3384,0.218,0.173,0.173
29,The New York Times,There’s never been a Native American congresswoman. That could change in 2018. https://t.co/sWz8dv2SQ5,Mon Mar 19 15:10:06 +0000 2018,0.0,0.0,0.0,0.0
30,The New York Times,"RT @NYTNational: “Rules don’t matter for them. For them, this is a war, and it’s all fair,"" said a founder of Cambridge Analytica, a firm t…",Mon Mar 19 15:00:15 +0000 2018,-0.5859,0.15,0.042,0.042
31,The New York Times,“Our community never should have been developed. It’s hundreds and hundreds of houses. Now we are proof that we nee… https://t.co/jlC1TJJ7JE,Mon Mar 19 14:52:32 +0000 2018,0.0,0.0,0.0,0.0
32,The New York Times,"After Hurricane Harvey, thousands of homes in a Houston suburb were deliberately flooded by the federal government.… https://t.co/x3cwgQEQkr",Mon Mar 19 14:51:34 +0000 2018,0.0,0.0,0.0,0.0
33,The New York Times,"In Opinion 

Op-Ed columnist @CharlesMBlow writes: ""How are international agreements supposed to be negotiated when… https://t.co/iS7FGbJfIZ",Mon Mar 19 14:45:09 +0000 2018,0.2732,0.0,0.123,0.123
34,The New York Times,"Andrew Cuomo suggested that his name ""was never mentioned"" during his former aide's corruption trial. That is incor… https://t.co/FlXRhzCHHl",Mon Mar 19 14:30:14 +0000 2018,0.0,0.0,0.0,0.0
35,The New York Times,"New York’s school system is complex and deeply political. Its next leader has only modest big-district experience,… https://t.co/x5UZ6mPYcp",Mon Mar 19 14:20:07 +0000 2018,0.0,0.0,0.0,0.0
36,The New York Times,How do you find a person when all you have is half of a smiling face in an old photo? You turn to social media. https://t.co/F20iRGe0yG,Mon Mar 19 14:11:03 +0000 2018,0.4588,0.0,0.115,0.115
37,The New York Times,Morning Briefing: Here's what you need to know to start your day https://t.co/ZoTLlxQP9f https://t.co/8lBjSG6F6I,Mon Mar 19 14:00:24 +0000 2018,0.0,0.0,0.0,0.0
38,The New York Times,Some aides view the weekend's attacks on Robert Mueller and the FBI as a particularly disturbing taste of what they… https://t.co/dlWTNJK5wk,Mon Mar 19 13:45:02 +0000 2018,-0.7574,0.265,0.0,0.0
39,The New York Times,We also wanted to hear from you. Readers described the pressure to tolerate harassing behavior in order to earn tip… https://t.co/4c3MxgNyIS,Mon Mar 19 13:30:00 +0000 2018,-0.6908,0.231,0.0,0.0
40,The New York Times,"Among his credentials, Luigi Di Maio was the treasurer of his elementary school class and the president of his high… https://t.co/2ENENcK6pD",Mon Mar 19 13:16:01 +0000 2018,0.128,0.0,0.07,0.07
41,The New York Times,RT @nytimesarts: No one listener can choose a definitive “best of” SXSW; it’s impossible to hear more than a small percentage of the perfor…,Mon Mar 19 13:00:13 +0000 2018,-0.296,0.095,0.0,0.0
42,The New York Times,"Kate McKinnon as Education Secretary Betsy DeVos: ""Look, I may not be very good on camera, but behind the scenes, m… https://t.co/bfafJqEzAm",Mon Mar 19 12:50:04 +0000 2018,-0.2051,0.083,0.0,0.0
43,The New York Times,"Black boys raised in America, even in the wealthiest families and living in some of the most well-to-do neighborhoo… https://t.co/OGBKVIcK2J",Mon Mar 19 12:40:03 +0000 2018,0.4939,0.0,0.144,0.144
44,The New York Times,4 easy ways to cut down your sugar intake https://t.co/y33BxQJCnl,Mon Mar 19 12:30:14 +0000 2018,0.2023,0.175,0.242,0.242
45,The New York Times,"When asked if women were equal to men, Prince Mohammed said: ""Absolutely. We are all human beings and there is no d… https://t.co/CwcBNofidf",Mon Mar 19 12:20:06 +0000 2018,-0.296,0.091,0.0,0.0
46,The New York Times,"NCAA men's tournament: Xavier, Michigan State, Cincinnati, North Carolina and Auburn exit much earlier than many ex… https://t.co/2qZgXNxJh3",Mon Mar 19 12:11:04 +0000 2018,0.0,0.0,0.0,0.0
47,The New York Times,Morning Briefing: Here's what you need to know to start your day https://t.co/9gvaeEZbMx https://t.co/w1K9nD6AA5,Mon Mar 19 12:00:04 +0000 2018,0.0,0.0,0.0,0.0
48,The New York Times,President Trump ignored the advice of his own lawyers and lashed out at Robert Mueller on Twitter. Here's how top R… https://t.co/yeK5eb5OXV,Mon Mar 19 11:50:04 +0000 2018,-0.128,0.095,0.075,0.075
49,The New York Times,Britain's National Health Service is paying French doctors to perform some operations on its behalf https://t.co/4wWCaNjTMu,Mon Mar 19 11:40:04 +0000 2018,0.0,0.0,0.0,0.0
50,The New York Times,Austin was struck by a fourth explosion just hours after a televised appeal to the bomber https://t.co/4v1JYlYVts https://t.co/JyCFz78CLb,Mon Mar 19 11:30:11 +0000 2018,-0.25,0.118,0.0,0.0
51,The New York Times,"""Mr. President, the American people will hear my story very soon,"" James Comey tweeted Twitter on Saturday, in what… https://t.co/muUnhrU7Tx",Mon Mar 19 11:20:11 +0000 2018,0.0,0.0,0.0,0.0
52,The New York Times,"Trump called the firing of McCabe, the deputy FBI director, a ""great day for democracy."" McCabe says it's further e… https://t.co/ja3hDRB5UH",Mon Mar 19 11:10:08 +0000 2018,0.4019,0.098,0.167,0.167
53,The New York Times,"A Republican candidate in Maine dropped out after he was excoriated for calling one Parkland shooting survivor a ""s… https://t.co/iDP2y5kasj",Mon Mar 19 11:00:14 +0000 2018,0.3612,0.0,0.128,0.128
54,The New York Times,"Trump's attack on Robert Mueller, a longtime Republican and former FBI director appointed by George W. Bush, drew i… https://t.co/USv58YxIVL",Mon Mar 19 10:45:02 +0000 2018,-0.4767,0.147,0.0,0.0
55,The New York Times,Morning Briefing: Here's what you need to know to start your day https://t.co/buVWCNvtZQ https://t.co/XfAJQ3k1Vc,Mon Mar 19 10:30:03 +0000 2018,0.0,0.0,0.0,0.0
56,The New York Times,"As the list of endangered animals grows longer, we may soon be faced with an impossible decision: which ones to sav… https://t.co/qxinyIbkFc",Mon Mar 19 10:14:05 +0000 2018,0.0,0.0,0.0,0.0
57,The New York Times,"Britain should seek to postpone Brexit if talks drag on during the next few months, an influential committee of law… https://t.co/VgIKFxrTxX",Mon Mar 19 10:00:07 +0000 2018,0.0258,0.154,0.117,0.117
58,The New York Times,"RT @LizziePaton: Black models with very dark skin walked at many of the blockbuster shows this season, more so than ever before. Why now -…",Mon Mar 19 09:50:05 +0000 2018,0.5994,0.0,0.14,0.14
59,The New York Times,Britain says it has proof that Russia has been stockpiling and researching lethal nerve agents for the purpose of a… https://t.co/sYsWVnTiCJ,Mon Mar 19 09:40:07 +0000 2018,0.0,0.0,0.0,0.0
60,The New York Times,"Russian voters came out in smaller numbers than the Kremlin had hoped, but the result showed that Vladimir Putin en… https://t.co/LAi3vnNSAT",Mon Mar 19 09:30:07 +0000 2018,0.2023,0.0,0.083,0.083
61,The New York Times,"""After 50 meters she was just gone, baby, gone,"" said a man who swam after Daphne, a huge inflatable duck, as it wa… https://t.co/JbRuiKyKD2",Mon Mar 19 09:15:12 +0000 2018,0.3182,0.0,0.099,0.099
62,The New York Times,"Cambridge Analytica, a voter-profiling company, harvested private information from the Facebook profiles of more th… https://t.co/LgoFfnxjHd",Mon Mar 19 09:00:11 +0000 2018,0.0,0.0,0.0,0.0
63,The New York Times,"RT @nytimesworld: On Monday morning, the situation in an Australian town hit by bushfires was still ""dangerous and dynamic"" https://t.co/Ni…",Mon Mar 19 08:44:03 +0000 2018,-0.128,0.131,0.11,0.11
64,The New York Times,American and British lawmakers called on Facebook to explain how a political data firm tied to the Trump campaign h… https://t.co/uWEL6pePty,Mon Mar 19 08:31:03 +0000 2018,0.0,0.0,0.0,0.0
65,The New York Times,"RT @nytimesworld: Parents are left to grieve, again, after another school kidnapping in Nigeria. In Dapchi, one father said he would rather…",Mon Mar 19 08:17:04 +0000 2018,-0.3818,0.11,0.0,0.0
66,The New York Times,"When asked if women were equal to men, Prince Mohammed said: ""Absolutely. We are all human beings and there is no d… https://t.co/BHwvmVtvTp",Mon Mar 19 08:04:05 +0000 2018,-0.296,0.091,0.0,0.0
67,The New York Times,"RT @nytimesworld: “The coaches try to educate the athletes in all ways, not only in wrestling,” said a wrestler in the Dagestan region of R…",Mon Mar 19 07:44:02 +0000 2018,0.0,0.0,0.0,0.0
68,The New York Times,Are there any keepsakes that you just can’t bear to throw away from your wedding or relationship? Share them with u… https://t.co/O6Zxtu7Hkn,Mon Mar 19 07:22:20 +0000 2018,0.296,0.0,0.095,0.095
69,The New York Times,4 Easy Ways to Cut Down Your Sugar Intake https://t.co/cC6VPwBrfz,Mon Mar 19 07:04:11 +0000 2018,0.2023,0.175,0.242,0.242
70,The New York Times,"Police lying persists, even amid an explosion of video evidence that has allowed the public to test officers’ credi… https://t.co/JcUR5Jk0Gi",Mon Mar 19 06:46:55 +0000 2018,-0.5267,0.152,0.0,0.0
71,The New York Times,"RT @NYTmag: An hour before she goes to bed, @juliascribe turns off all the lights and her devices for the night, and lights a candle or two…",Mon Mar 19 06:29:26 +0000 2018,0.0,0.0,0.0,0.0
72,The New York Times,"On Queer Eye, @Antoni Porowski imparts lessons in home cooking that often involve ?. Some might say too often. But… https://t.co/V4qyXKsDIZ",Mon Mar 19 06:11:52 +0000 2018,0.0,0.0,0.0,0.0
73,The New York Times,U.K. Lawmakers Say Britain Should Consider Delaying Brexit https://t.co/buDk0QC4mh,Mon Mar 19 05:53:45 +0000 2018,0.0,0.0,0.0,0.0
74,The New York Times,Florence has not forgotten the Brownings https://t.co/19nDNRNCfs,Mon Mar 19 05:38:47 +0000 2018,0.1695,0.0,0.217,0.217
75,The New York Times,"Because ""a typical password-protected user account does nothing to protect your data"" https://t.co/qr8sm2aYc5",Mon Mar 19 05:21:19 +0000 2018,-0.2924,0.154,0.0,0.0
76,The New York Times,Still can't fight the moonlight https://t.co/IXzuqu8pnD,Mon Mar 19 05:03:39 +0000 2018,0.2924,0.0,0.304,0.304
77,The New York Times,"Being a Paralympic athlete used to be a part-time, do-it-yourself pursuit. Not anymore. https://t.co/hWT58azjKY",Mon Mar 19 04:46:33 +0000 2018,0.0,0.0,0.0,0.0
78,The New York Times,"Joan Baez, at 77: ""I don’t make history, I am history"" https://t.co/1QgnJqpLKR https://t.co/gzj0lkA22s",Mon Mar 19 04:29:08 +0000 2018,0.0,0.0,0.0,0.0
79,The New York Times,"What, exactly, does cursing do for a playwright? https://t.co/GxggH7y9CV",Mon Mar 19 04:12:40 +0000 2018,0.0,0.0,0.0,0.0
80,The New York Times,"RT @maggieNYT: For Trump, everything is about power and domination and control. He sees himself as beating his in-house critics, Tillerson,…",Mon Mar 19 03:55:02 +0000 2018,-0.6597,0.262,0.0,0.0
81,The New York Times,"RT @mannyNYT: Austin police, FBI and ATF are responding to reports of another explosion in Austin tonight https://t.co/hU3JL1HBqk",Mon Mar 19 03:34:04 +0000 2018,0.0,0.0,0.0,0.0
82,The New York Times,RT @NYTSports: Marie Gulich had 14 points and 12 rebounds to lead sixth-seeded Oregon State to its third straight regional semifinal appear…,Mon Mar 19 03:21:05 +0000 2018,0.2263,0.0,0.083,0.083
83,The New York Times,Marjory Stoneman Douglas High School officials considered forcibly committing Nikolas Cruz for psychiatric evaluati… https://t.co/Q0SC9VxyGE,Mon Mar 19 03:05:07 +0000 2018,0.0772,0.0,0.085,0.085
84,The New York Times,"Easter Island is eroding. Climate change is threatening its future, and also its past. https://t.co/N1JQhQOkHb",Mon Mar 19 02:49:33 +0000 2018,-0.5267,0.195,0.0,0.0
85,The New York Times,Uber’s New Rival in Australia: An Indian Upstart https://t.co/9oQuvMPwTC,Mon Mar 19 02:31:00 +0000 2018,0.0,0.0,0.0,0.0
86,The New York Times,"After Beating No. 1, U.M.B.C. Falls to a No. 9 https://t.co/4CIcdOL8Kx",Mon Mar 19 02:26:04 +0000 2018,-0.7506,0.552,0.0,0.0
87,The New York Times,"""I’ve written more than 100 articles, heard many couples say, 'I do,' and listened to their love stories. ... It’s… https://t.co/44DEx38bS6",Mon Mar 19 02:20:18 +0000 2018,0.6369,0.0,0.174,0.174
88,The New York Times,A perfect dinner side dish https://t.co/WEiFYUkUZh https://t.co/0Dt8Zvnumz,Mon Mar 19 02:02:35 +0000 2018,0.5719,0.0,0.425,0.425
89,The New York Times,"RT @nytimesmusic: Ashlee Simpson: you asked, we answered https://t.co/pYRBAt9gUS https://t.co/crGC1w2skw",Mon Mar 19 01:45:17 +0000 2018,0.0,0.0,0.0,0.0
90,The New York Times,Some new restaurants you just know are going to be copied like Chanel handbags. See: Babu Ji. https://t.co/SA0AKKeqDW,Mon Mar 19 01:28:12 +0000 2018,0.3612,0.0,0.128,0.128
91,The New York Times,"Masters Preview? Rory McIlroy Wins at Bay Hill, and Tiger Woods Makes a Run https://t.co/hwDIsEFsEX",Mon Mar 19 01:09:40 +0000 2018,0.5719,0.0,0.222,0.222
92,The New York Times,"A dozen people close to President Trump or the White House, including current and former aides and longtime friends… https://t.co/FyTCcICvb8",Mon Mar 19 01:07:03 +0000 2018,0.0,0.0,0.0,0.0
93,The New York Times,"“Done right, green can actually be more luxurious” than a conventional house https://t.co/ngJavBpCG3",Mon Mar 19 00:53:19 +0000 2018,0.0,0.0,0.0,0.0
94,The New York Times,"Saudi Crown Prince, in His Own Words: Women Are ‘Absolutely’ Equal https://t.co/N2yoXg1s8x",Mon Mar 19 00:39:10 +0000 2018,0.0,0.0,0.0,0.0
95,The New York Times,Bananas and chocolate chips? Yes. https://t.co/g0TsxmD1mH https://t.co/ObdP5VUkTN,Mon Mar 19 00:35:51 +0000 2018,0.4019,0.0,0.31,0.31
96,The New York Times,Police Plea to Austin Bomber: ‘We Want to Listen to You’ https://t.co/3AdvIQuyHr,Mon Mar 19 00:19:46 +0000 2018,0.0772,0.0,0.106,0.106
97,The New York Times,Texas A&amp;M Swats Second-Seeded North Carolina From Tournament https://t.co/AUJqpEXD7G,Mon Mar 19 00:05:29 +0000 2018,0.0,0.0,0.0,0.0
98,The New York Times,A Republican candidate in Maine dropped out after he was excoriated for calling one Parkland shooting survivor a “s… https://t.co/o7GyTEVd4N,Sun Mar 18 23:50:48 +0000 2018,0.3612,0.0,0.128,0.128
99,The New York Times,Austria’s Far Right Wants the Freedom to Smoke https://t.co/kBlphZomXu,Sun Mar 18 23:34:30 +0000 2018,0.6369,0.0,0.344,0.344
100,CBS,New start times in East/Central Time Zones: #60Minutes 7:37ET/6:37CT #Instinct series premiere 8:37ET/7:37CT… https://t.co/xT3YKqmu2M,Sun Mar 18 23:44:30 +0000 2018,0.0,0.0,0.0,0.0
101,CBS,Spend your Sunday streaming Second Round games LIVE with a FREE trial of CBS All Access! https://t.co/3P85rXLy4b https://t.co/zbWfirD9Ju,Sun Mar 18 18:05:43 +0000 2018,0.6514,0.0,0.213,0.213
102,CBS,"RT @instinctcbs: TONIGHT, Dr. Dylan Reinhart rewrites the book on abnormal behavior. Don't miss the premiere of #Instinct at 8/7c! https://…",Sun Mar 18 17:09:53 +0000 2018,0.1867,0.0,0.08,0.08
103,CBS,"If any duo knows how to rock the stage, it's @FLAGALine. The Vocal Duo Of The Year nominee will perform live at the… https://t.co/FknabB8NQp",Sat Mar 17 19:00:02 +0000 2018,0.0,0.0,0.0,0.0
104,CBS,How is your bracket looking after last night? Stream Second Round games LIVE today with a FREE trial of CBS All Acc… https://t.co/25JlIpgwog,Sat Mar 17 17:42:43 +0000 2018,0.6166,0.0,0.161,0.161
105,CBS,Where better to spend #StPatricksDay than the place everybody knows your name? It’s just your luck that every singl… https://t.co/Fom5wmdENL,Sat Mar 17 14:00:03 +0000 2018,0.7096,0.0,0.247,0.247
106,CBS,Stars @JakeMcDorman and Nik Dodani will join the cast in the upcoming revival of Murphy Brown coming to CBS.… https://t.co/JCAx29lo0i,Fri Mar 16 22:53:21 +0000 2018,0.296,0.0,0.104,0.104
107,CBS,"RT @thegoodfight: Go behind the scenes with costume designer @DanLawsonStyle in ""Behind The Style,"" a new weekly video series all about the…",Fri Mar 16 18:15:53 +0000 2018,0.0,0.0,0.0,0.0
108,CBS,The games have just begun! Continue to stream First Round games LIVE today with a FREE trial of CBS All Access:… https://t.co/YTGsJ48zYP,Fri Mar 16 16:28:40 +0000 2018,0.6514,0.0,0.178,0.178
109,CBS,"RT @TheTalkCBS: You asked, we answered! The fun never ends when the ladies #KeepTalking and answer your fan questions ???? https://t.co/ie1…",Thu Mar 15 17:54:06 +0000 2018,0.7088,0.0,0.237,0.237
110,CBS,RT @instinctcbs: Dr. Dylan Reinhart is lured back into the field from his life of quiet academia when a certain serial killer makes things…,Thu Mar 15 17:20:26 +0000 2018,-0.4939,0.157,0.077,0.077
111,CBS,Stream First Round games LIVE today starting at 12PM ET with a FREE trial of CBS All Access! https://t.co/3P85rXLy4b https://t.co/vZow3YD8cb,Thu Mar 15 16:42:41 +0000 2018,0.6514,0.0,0.194,0.194
112,CBS,RT @CBSSports: It's the most wonderful time of the year. #MarchMadness https://t.co/e4c9qohqSR,Thu Mar 15 14:32:16 +0000 2018,0.6115,0.0,0.266,0.266
113,CBS,"Give these ladies some love! @Lauren_Alaina, @DBradbery, @carlypearce, and @RaeLynn are nominated for New Female Vo… https://t.co/IVhwURfJ3S",Wed Mar 14 19:30:01 +0000 2018,0.6696,0.0,0.219,0.219
114,CBS,"RT @ManWithAPlan: Hungry for more #ManWithAPlan bloopers and behind-the-scenes videos featuring cast like @matt_leblanc, @thelizasnyder, @k…",Tue Mar 13 18:48:52 +0000 2018,0.3612,0.0,0.143,0.143
115,CBS,"Music stars @MileyCyrus, @edsheeran, @ladygaga, and more will honor the legendary @eltonofficial and his hit songs… https://t.co/UzxARCCLnI",Tue Mar 13 14:15:10 +0000 2018,0.539,0.0,0.179,0.179
116,CBS,RT @thegoodfight: The verdict is in. The new season of #TheGoodFight is ???! Stream it now on CBS All Access: https://t.co/FkYSNSXlRb https…,Mon Mar 12 18:13:28 +0000 2018,0.2244,0.0,0.083,0.083
117,CBS,"RT @MadamSecretary: In less than an hour, #MadamSecretary's Keith Carradine will be taking over the @MadamSecretary Twitter page! Tweet alo…",Mon Mar 12 01:20:43 +0000 2018,0.0,0.0,0.0,0.0
118,CBS,RT @DierksBentley: Take and post a photo of the woman in your life who inspires you daily! Use the hashtag #WomanAmenACM in your post for a…,Fri Mar 09 22:48:26 +0000 2018,0.4926,0.0,0.117,0.117
119,CBS,"RT @MomCBS: If you missed guest star @KChenoweth in the latest episode of #Mom, not to worry! Watch now: https://t.co/RlvXoGOZ0l https://t.…",Fri Mar 09 22:24:20 +0000 2018,0.1275,0.092,0.113,0.113
120,CBS,"Give a round of applause to @KelseaBallerini, @MirandaLambert, @Reba, @MarenMorris, and @CarrieUnderwood, the five… https://t.co/Ncp1BTXx6N",Fri Mar 09 21:10:21 +0000 2018,0.4215,0.0,0.177,0.177
121,CBS,"RT @thegoodfight: Smart, sexy, and sophisticated. See what's coming this season on #TheGoodFight. https://t.co/CuKhx2G50P https://t.co/ygTI…",Fri Mar 09 18:27:28 +0000 2018,0.8658,0.0,0.447,0.447
122,CBS,RT @BlueBloods_CBS: Even stand-up guys fall down sometimes. #BlueBloods is new tonight at 10/9c! https://t.co/UOlDm22wWW,Fri Mar 09 16:02:27 +0000 2018,0.0,0.0,0.0,0.0
123,CBS,Today and every day we celebrate the women in our lives who empower and inspire us. Share a story about an influent… https://t.co/9rVtqrElvT,Thu Mar 08 18:00:49 +0000 2018,0.8625,0.0,0.336,0.336
124,CBS,Take and post a photo of the woman in your life who inspires you daily! Use the hashtag #WomanAmenACM in your post… https://t.co/7ShhvE48zy,Thu Mar 08 17:03:04 +0000 2018,0.4926,0.0,0.132,0.132
125,CBS,"RT @thegoodfight: Meticulously constructed. Soapy &amp; sexy. Intoxicating, savage television. ? Here's what critics are saying about #TheGoodF…",Wed Mar 07 18:39:10 +0000 2018,-0.2023,0.23,0.15,0.15
126,CBS,"This just in! @Jason_Aldean, @mirandalambert, @LukeBryanOnline, and many more are set to perform at the 53rd Academ… https://t.co/mfxw2VxzU4",Wed Mar 07 17:06:02 +0000 2018,0.0,0.0,0.0,0.0
127,CBS,"Meet the ensemble of talented actors slated to join $1, a new mystery series coming to CBS All Access:… https://t.co/QoyYv7vxwg",Tue Mar 06 18:10:59 +0000 2018,0.6705,0.0,0.244,0.244
128,CBS,"Will @Jason_Aldean, @garthbrooks, @LukeBryanOnline, @ChrisStapleton, or @KeithUrban be named Entertainer Of The Yea… https://t.co/rMD8zjeX3s",Mon Mar 05 22:16:43 +0000 2018,0.3818,0.0,0.167,0.167
129,CBS,"RT @thegoodfight: It feels good to be back. ??? The season 2 premiere of #TheGoodFight is now streaming, exclusively on CBS All Access: htt…",Sun Mar 04 08:05:26 +0000 2018,0.4404,0.0,0.116,0.116
130,CBS,"RT @thegoodfight: Tomorrow, #TheGoodFight is back. Stream the season 2 premiere only on CBS All Access: https://t.co/tNFR8LBJO2 https://t.c…",Sat Mar 03 20:55:20 +0000 2018,0.0,0.0,0.0,0.0
131,CBS,"Who are the trailblazing women in your life that inspire you? Join CBS and the ANA's #SeeHer initiative, celebratin… https://t.co/M0KqZ41Bes",Fri Mar 02 22:30:01 +0000 2018,0.7096,0.0,0.247,0.247
132,CBS,"Join @maria_bello, @aishatyler and @TeaLeoni in celebrating the accomplishments of women who have contributed to th… https://t.co/MefESBeFL3",Fri Mar 02 20:30:01 +0000 2018,0.7096,0.0,0.282,0.282
133,CBS,"In honor of Women's History Month, CBS and the Association of National Advertisers' (ANA) #SeeHer initiative will p… https://t.co/2wtYxKJVuO",Fri Mar 02 18:45:00 +0000 2018,0.4939,0.0,0.151,0.151
134,CBS,RT @ZoeListerJones: Tonight’s an all new Life In Pieces and it’s directed by my ride or die @nataliaanderson!!!… https://t.co/2LPfmyLWrY,Thu Mar 01 18:59:01 +0000 2018,-0.6981,0.21,0.0,0.0
135,CBS,"RT @MarenMorris: Hot damn! Woke up from my post-wisdom teeth haze to find out I’m up for 4 @ACMawards ! So honored, especially for the Dear…",Thu Mar 01 18:12:57 +0000 2018,0.4547,0.092,0.159,0.159
136,CBS,RT @KelseaBallerini: Ohhhhh goodness. Incredible. Thank you thank you thank you. #female https://t.co/1ZTYjNfQeF,Thu Mar 01 18:11:50 +0000 2018,0.8591,0.0,0.538,0.538
137,CBS,RT @KeithUrban: ACMs...... HOLY SMOKES!!!!! MAD LOVE TO U ALL THIS MORNING  FOR THESE INCREDIBLE NOMINATIONS. I’M EXTREMELY GRATEFUL!!!!!!!…,Thu Mar 01 18:10:50 +0000 2018,0.4885,0.151,0.234,0.234
138,CBS,"RT @ACMawards: Congratulations to this year’s #ACMawards Video of the Year nominees:
“Black” - @DierksBentley
“It Ain’t My Fault” - @Brothe…",Thu Mar 01 14:36:21 +0000 2018,0.5994,0.0,0.178,0.178
139,CBS,"RT @ACMawards: Please give a round of applause to this year’s #ACMawards Entertainer of the Year nominees: @Jason_Aldean, @GarthBrooks, @Lu…",Thu Mar 01 14:29:20 +0000 2018,0.7717,0.0,0.325,0.325
140,CBS,".@ChrisStapleton, @ThomasRhett, @mirandalambert and more are all nominated for awards at Country Music's Party of t… https://t.co/Vm1vXRUDYJ",Thu Mar 01 14:15:29 +0000 2018,0.6908,0.0,0.275,0.275
141,CBS,"The Queen of Country, @Reba, is returning to host the 53rd #ACMawards on Sunday, April 15 at 8/7c. Here are a few o… https://t.co/Iqzz6Gql01",Thu Mar 01 13:50:11 +0000 2018,0.0,0.0,0.0,0.0
142,CBS,RT @survivorcbs: It’s time! #Survivor https://t.co/YPk6cGWrUA,Thu Mar 01 01:04:52 +0000 2018,0.0,0.0,0.0,0.0
143,CBS,"RT @CBSThisMorning: TOMORROW: The nominees for the 2018 @ACMawards will be announced live by the one-and-only, @Reba! 

Watch on @CBS in ou…",Wed Feb 28 19:56:58 +0000 2018,0.0,0.0,0.0,0.0
144,CBS,"RT @thegoodfight: From the set design and costumes to hair and makeup, the production quality is truly next-level. Take a peek inside the u…",Wed Feb 28 19:08:30 +0000 2018,0.4404,0.0,0.116,0.116
145,CBS,RT @LivinBiblically: The fun continues on Facebook! The #LivingBiblically cast is live to talk about tonight’s premiere. Tune in here: http…,Tue Feb 27 03:23:47 +0000 2018,0.5562,0.0,0.152,0.152
146,CBS,"RT @KevinCanWaitCBS: Can you get all the way through these #KevinCanWait bloopers without laughing?! @KevinJames,@LeahRemini and the rest o…",Mon Feb 26 22:50:32 +0000 2018,0.0,0.0,0.0,0.0
147,CBS,"RT @ACMawards: That’s right! @Reba is headed to @CBSThisMorning on Thursday, March 1 to announce this year’s #ACMAwards' nominees. Tune in…",Mon Feb 26 21:08:30 +0000 2018,0.0,0.0,0.0,0.0
148,CBS,"RT @ScorpionCBS: You can't hack your way to a 197 IQ, but you are well on your way with these Genius Facts from #TeamScorpion! ? You can be…",Mon Feb 26 19:53:41 +0000 2018,0.4482,0.0,0.105,0.105
149,CBS,RT @SuperiorDonuts: You can always count on @DavidKoechner for a laugh! Did your favorite Tush moment make the list? Catch a new #SuperiorD…,Mon Feb 26 18:32:36 +0000 2018,0.784,0.0,0.266,0.266
150,CBS,RT @TheTalkCBS: TODAY: We loved them together then &amp; we love seeing them together now! Welcome back to the show @THESaraGilbert?'s good fri…,Mon Feb 26 18:20:16 +0000 2018,0.9359,0.0,0.429,0.429
151,CBS,"RT @thegoodfight: As foundations begin to crumble, our characters struggle to make sense of this new dystopian world. The cast teases what'…",Mon Feb 26 16:53:56 +0000 2018,-0.5423,0.184,0.0,0.0
152,CBS,"#LivingBiblically's @linzkraft and @jrfergjr appeared on @KCBS's Facebook Live this morning, talking all about what… https://t.co/4RebcHuuMQ",Mon Feb 26 16:52:01 +0000 2018,0.0,0.0,0.0,0.0
153,CBS,"RT @CBSSports: Introducing CBS Sports HQ, a New 24/7 Direct-to-Consumer Streaming Network for Sports News, Highlights, &amp; Analysis.

Stream…",Mon Feb 26 16:17:55 +0000 2018,0.0,0.0,0.0,0.0
154,CBS,"RT @CBSBigBrother: It’s down to the final 5 celebrity Houseguests, and anyone could take home the grand prize! Tune in NOW to watch the #BB…",Mon Feb 26 01:12:32 +0000 2018,0.7644,0.0,0.231,0.231
155,CBS,RT @startrekcbs: Binge the entire first season of #StarTrekDiscovery. All episodes now streaming exclusively on CBS All Access: https://t.c…,Sun Feb 25 21:51:32 +0000 2018,0.0,0.0,0.0,0.0
156,CBS,"RT @thegoodfight: #TheGoodFight returns in 1 week. Season 2 premieres Sunday, March 4. https://t.co/nomCao1GWp https://t.co/BOn6bOe9Tb",Sun Feb 25 21:51:22 +0000 2018,0.0,0.0,0.0,0.0
157,CBS,RT @thegoodfight: This is our new favorite thing. Christine Baranski debuted #TheGoodFight the Musical on @colbertlateshow last night! ??…,Fri Feb 23 18:15:40 +0000 2018,0.5093,0.0,0.155,0.155
158,CBS,"RT @LivinBiblically: Confession time: have YOU ever hit the ""close door"" button in an elevator while somebody was approaching? The cast of…",Thu Feb 22 19:26:52 +0000 2018,0.0,0.0,0.0,0.0
159,CBS,RT @CBSEyeSpeak: Mark your calendars! #CBSEyeSpeak kicks off March 14 with The EYE Speak Summit. Follow our page for more details! https://…,Wed Feb 21 19:20:04 +0000 2018,0.0,0.0,0.0,0.0
160,CBS,"RT @CBSEyeSpeak: Proud to announce a new CBS initiative, promoting female empowerment and developing the next generation of leaders through…",Wed Feb 21 18:19:25 +0000 2018,0.6808,0.0,0.248,0.248
161,CBS,"RT @LivinBiblically: When you're living by the Bible, it's good to have a priest and a rabbi on call (provided they answer their phones, th…",Tue Feb 20 19:55:19 +0000 2018,0.4404,0.0,0.116,0.116
162,CBS,"RT @thegoodfight: Chicago lawyers are being hunted and the world is going insane. 

The new season of #TheGoodFight premieres Sunday, March…",Tue Feb 20 17:58:18 +0000 2018,-0.4019,0.119,0.0,0.0
163,CBS,Ready for some larger than life competition? This new series from @MarkBurnettTV will premiere in summer 2018.… https://t.co/gDXHLdIJ5v,Tue Feb 20 17:39:51 +0000 2018,0.3612,0.0,0.128,0.128
164,CBS,"With tournament dreams on the line, make sure to stream these college basketball matchups on CBS All Access:… https://t.co/SGkYUZrQWB",Sat Feb 17 01:07:20 +0000 2018,0.6124,0.0,0.227,0.227
165,CBS,"RT @LivinBiblically: While Chip's sticking to the Bible's original rules, the cast of #LivingBiblically has given them a more modern makeov…",Fri Feb 16 18:42:43 +0000 2018,0.3182,0.0,0.108,0.108
166,CBS,"Casting News! Peter Mark Kendall, Michael Gaston, Greg Wise, Rade Šerbedžija, Zack Pearlman, and Keye Chen join the… https://t.co/GFob2KrD8H",Fri Feb 16 17:48:20 +0000 2018,0.68,0.0,0.248,0.248
167,CBS,RT @BullCBS: The verdict is in...#Bull is the perfect Valentine! ?? Happy #ValentinesDay! https://t.co/poEejI4AnC,Wed Feb 14 19:23:27 +0000 2018,0.8619,0.0,0.466,0.466
168,CBS,"RT @NoActivityCBS: Car 27 reporting: Season 2 of #NoActivity coming soon!

Binge season one now on CBS All Access: https://t.co/yvxoQMeyhN…",Tue Feb 13 20:03:56 +0000 2018,0.0,0.0,0.0,0.0
169,CBS,"RT @LivinBiblically: Against all odds (and the advice of his God Squad), Chip is determined to live life by the Good Book. Think you could…",Tue Feb 13 18:54:52 +0000 2018,0.7506,0.0,0.252,0.252
170,CBS,RT @thegoodfight: Christine Baranski reflects upon the spectacular metamorphosis of her character in #TheGoodFight's first season. Revisit…,Mon Feb 12 18:49:45 +0000 2018,0.0,0.0,0.0,0.0
171,CBS,RT @startrekcbs: Binge the entire first season of #StarTrekDiscovery. All 15 episodes now streaming on CBS All Access: https://t.co/lKLaptP…,Mon Feb 12 01:32:33 +0000 2018,0.0,0.0,0.0,0.0
172,CBS,RT @SuperiorDonuts: Looking for a #Valentine? Tush is here to help you land your dream date just in time for the day of love! #SuperiorDonu…,Fri Feb 09 00:50:01 +0000 2018,0.8478,0.0,0.304,0.304
173,CBS,RT @CBSBigBrother: The pressure is on as the Houseguests battle each other for victory in the first HOH competition. Stream the season prem…,Thu Feb 08 16:09:35 +0000 2018,-0.5859,0.186,0.0,0.0
174,CBS,"RT @startrekcbs: Sunday, this season's epic journey reaches its final reckoning. Catch up before the season finale: https://t.co/4Ea5wpmAep…",Wed Feb 07 18:35:19 +0000 2018,0.0516,0.0,0.066,0.066
175,CBS,"Are you a sucker for jaw-dropping talent competitions? Announcing The World's Best, a first-of-its-kind new global… https://t.co/fagCMklm2Z",Wed Feb 07 16:17:48 +0000 2018,0.5574,0.152,0.312,0.312
176,CBS,"RT @BullCBS: Tonight, one of these 3 TAC employees will end up incarcerated. Who do you think it will be? Tune into a new episode of #Bull…",Tue Feb 06 22:21:39 +0000 2018,0.0,0.0,0.0,0.0
177,CBS,"RT @thegoodfight: There's no season like lawyer season. #TheGoodFight returns March 4, exclusively on CBS All Access. https://t.co/XAlrg1nB…",Tue Feb 06 17:05:49 +0000 2018,0.0772,0.106,0.121,0.121
178,CBS,"RT @thegoodfight: The acclaimed series returns in 1 month. #TheGoodFight is back Sunday, March 4. https://t.co/5BNLTYRd8p https://t.co/yInP…",Sun Feb 04 15:35:36 +0000 2018,0.0,0.0,0.0,0.0
179,CBS,".@KeshaRose's emotional performance with @CyndiLauper, @AndraDayMusic, @BebeRexha and @Camila_Cabello brought the a… https://t.co/qpgS2e9ir0",Sun Feb 04 12:00:01 +0000 2018,0.1531,0.0,0.118,0.118
180,CBS,Broadway legend Patti LuPone paid tribute to Sir Andrew Lloyd Webber with a show-stopping rendition of the iconic s… https://t.co/GxqLtUzhFP,Sat Feb 03 23:11:43 +0000 2018,0.0,0.0,0.0,0.0
181,CBS,"Relive an entire night's worth of big wins, live performances and many more inspiring moments from The 60th Annual… https://t.co/CH7mJ4Y3QT",Sat Feb 03 12:00:07 +0000 2018,0.8268,0.0,0.338,0.338
182,CBS,RT @swatcbs: ?@TheTalkCBS' @TheRealEve and @ShemarMoore brought some serious heat to the GRAMMYs red carpet: https://t.co/WYTITKkLQd https:…,Fri Feb 02 22:36:13 +0000 2018,-0.0772,0.075,0.0,0.0
183,CBS,"The all-star collaboration between @Rihanna, @DJKhaled and @brysontiller brought the party to the #GRAMMYs with a s… https://t.co/jTv5QbtgUp",Fri Feb 02 20:07:40 +0000 2018,0.4019,0.0,0.144,0.144
184,CBS,RT @TheTalkCBS: All the #redcarpet looks from the 60th annual #GRAMMYs! Did you catch @TheRealEve's sparkly two-piece suit? Diamond accents…,Fri Feb 02 19:03:33 +0000 2018,0.4003,0.0,0.124,0.124
185,CBS,Go backstage with the celebs and see which stars celebrated the big night together! Here are the moments you missed… https://t.co/rgQTXRQyLg,Fri Feb 02 17:23:18 +0000 2018,0.6114,0.0,0.166,0.166
186,CBS,? @DearEvanHansen star Ben Platt gave a soaring performance of a classic Broadway hit. Watch him perform 'Somewhere… https://t.co/HcuizFWo02,Thu Feb 01 22:04:41 +0000 2018,0.0,0.0,0.0,0.0
187,CBS,"? @LittleBigTown, @U2, @BrunoMars and @Pink are just a few of the superstar performers that lit up the stage at The… https://t.co/2v0MNYMItG",Thu Feb 01 20:09:49 +0000 2018,0.0,0.0,0.0,0.0
188,CBS,"Don't miss country stars Emmylou Harris and @ChrisStapleton perform a moving rendition of @TomPetty's classic song,… https://t.co/GxoIW97XIu",Wed Jan 31 21:42:15 +0000 2018,0.1139,0.0,0.088,0.088
189,CBS,RT @survivorcbs: Get excited! ? It’s finally time to meet the castaways of #Survivor: Ghost Island ? https://t.co/xQQ8ROhKbM https://t.co/P…,Wed Jan 31 17:05:47 +0000 2018,0.1007,0.115,0.135,0.135
190,CBS,"Country stars @EricChurch, @BrothersOsborne and @MarenMorris performed a touching tribute dedicated to the victims… https://t.co/YCIq9i70fd",Wed Jan 31 16:37:17 +0000 2018,0.4588,0.0,0.188,0.188
191,CBS,Missed the Man vs. Beast #SuperBowlCommercials showdown? Catch up now to find out which entertaining ad was named t… https://t.co/SlyO0n7yMX,Wed Jan 31 06:55:30 +0000 2018,0.1779,0.095,0.126,0.126
192,CBS,"RT @rikimae: Ok, that one makes me cry #superbowlcommercials",Wed Jan 31 02:15:16 +0000 2018,-0.2263,0.252,0.179,0.179
193,CBS,"If this doesn’t make you cry, nothing will. #SuperBowlCommercials https://t.co/UjFf3xr4so",Wed Jan 31 01:58:40 +0000 2018,-0.4767,0.256,0.0,0.0
194,CBS,"RT @maverickkr: #superbowlcommercials the frogs were great, I'd forgotten about that one.",Wed Jan 31 01:52:46 +0000 2018,0.4939,0.119,0.256,0.256
195,CBS,"If you haven't voted yet, it's not too late! Choose your favorite here: https://t.co/s4pEIF5IX8… https://t.co/VCa1YHDyYy",Wed Jan 31 01:49:43 +0000 2018,0.5093,0.0,0.19,0.19
196,CBS,RT @5691e44f3b66446: I am having so much fun ...the commercials are awesome #superbowlcommercials,Wed Jan 31 01:31:27 +0000 2018,0.8261,0.0,0.434,0.434
197,CBS,RT @LittleShelbyMae: Love watching the #superbowlcommercials all the animal ones are my favorite!!,Wed Jan 31 01:29:10 +0000 2018,0.8309,0.0,0.414,0.414
198,CBS,RT @PatHale915: Doritos time machine was great!   #superbowlcommercials,Wed Jan 31 01:24:16 +0000 2018,0.6588,0.0,0.386,0.386
199,CBS,Never make a goat angry. #SuperBowlCommercials https://t.co/xRJssdAErk,Wed Jan 31 01:18:37 +0000 2018,-0.5106,0.398,0.0,0.0
200,BBC,"Leonardo DiCaprio stars in the true story of a con man who cashed fake cheques worth millions. 

Catch Me If You Ca… https://t.co/HWShPj9ngi",Mon Mar 19 18:33:05 +0000 2018,0.1531,0.116,0.175,0.175
201,BBC,"?? @AlanCarr learned the hard way that you only get one shot at a school photo. #LiveAtTheApollo 

https://t.co/fv5JmcRgz4",Mon Mar 19 18:03:01 +0000 2018,-0.1027,0.08,0.0,0.0
202,BBC,?Pop band @FifthHarmony have announced they're taking a break to pursue solo careers ?https://t.co/tLOR7h1gZy https://t.co/5c77Cfjfp6,Mon Mar 19 17:30:08 +0000 2018,0.0,0.0,0.0,0.0
203,BBC,"Murder. Innocence. Lies. 

@AgathaChristie classic, #OrdealByInnocence, comes to @BBCOne soon.
https://t.co/qfJThHowXC",Mon Mar 19 17:00:05 +0000 2018,-0.7096,0.414,0.144,0.144
204,BBC,Here are the latest snow scenes from around the UK. ??? https://t.co/eTBGkQ4MPU https://t.co/txRHxkOn5C,Mon Mar 19 16:33:29 +0000 2018,0.0,0.0,0.0,0.0
205,BBC,'Flabbergasted'. ?This is the incredible moment when eight London teenagers heard a live opera singer for the first… https://t.co/jNki4Z61SE,Mon Mar 19 15:02:02 +0000 2018,0.0,0.0,0.0,0.0
206,BBC,"Meet the dancing slum kids tipped for stardom by Rihanna ?
https://t.co/R61fzQGIzd https://t.co/wGcvBKmdaZ",Mon Mar 19 14:30:08 +0000 2018,0.0,0.0,0.0,0.0
207,BBC,"RT @bbcgetinspired: The Nation's Billion Steps Challenge is here! ? 

Yesterday we did an amazing 431 million steps – can we do even better…",Mon Mar 19 13:44:55 +0000 2018,0.6588,0.0,0.212,0.212
208,BBC,"? ""There's always that voice in the back of your head that says you're not good enough"". 

 ? @CarrieHFletcher on b… https://t.co/0AsBxFFiQA",Mon Mar 19 13:03:04 +0000 2018,-0.3412,0.112,0.0,0.0
209,BBC,RT @BBCRadioScot: This must have been some buzz! ??? https://t.co/0gqtbQBN1i,Mon Mar 19 12:55:17 +0000 2018,0.0,0.0,0.0,0.0
210,BBC,Where are the UK's youngest and oldest city populations? https://t.co/eIU7UzqHBS https://t.co/vdXMTDluuX,Mon Mar 19 12:30:05 +0000 2018,0.0,0.0,0.0,0.0
211,BBC,RT @BBCSport: This 102-shot badminton rally will leave you exhausted... https://t.co/LFC4r4iwiz,Mon Mar 19 11:50:58 +0000 2018,-0.0516,0.107,0.0,0.0
212,BBC,"Have you got a passion for plants? ?????

Test your knowledge of all things foliage in this quiz. ?… https://t.co/evogV5ljAc",Mon Mar 19 11:33:04 +0000 2018,0.4588,0.0,0.143,0.143
213,BBC,"RT @BBCSport: ? The Commonwealth Games are almost upon us! ?

Scotland's Lynsey Sharp has given us the inside track on preparing for succes…",Mon Mar 19 10:53:19 +0000 2018,0.0,0.0,0.0,0.0
214,BBC,The oldest dog that the Dogs Trust has ever looked after has been given a new home. ????https://t.co/h0WQHkfMEf https://t.co/ixb7gesOIj,Mon Mar 19 10:33:03 +0000 2018,0.5106,0.0,0.163,0.163
215,BBC,"RT @BBCR1: Desperately searching for any signs of spring like... ?

#MondayMotivation https://t.co/9jo3h4C7bu",Mon Mar 19 09:58:24 +0000 2018,-0.3818,0.191,0.0,0.0
216,BBC,"RT @BBCRadioWales: ?? Snowy Cardiff! ?? 

What’s it like for you?

#ButePark 
#Cardiff 
#MiniBeast
#Snow https://t.co/O8gY1qjHVE",Mon Mar 19 09:58:15 +0000 2018,0.4199,0.0,0.157,0.157
217,BBC,"RT @BBCNews: Stem cell transplant ""game changer"" for MS patients https://t.co/BGWtdtXUAP",Mon Mar 19 09:58:10 +0000 2018,0.0,0.0,0.0,0.0
218,BBC,RT @BBCBreakfast: Anyone want to play a game of spot Tracey's feet? Our floor manager Tracey had to dive behind the sofa to avoid being on…,Mon Mar 19 09:57:58 +0000 2018,0.128,0.079,0.133,0.133
219,BBC,"'Who wants a normal life?' We should all be a little more like @chessmartinez. ?? #LiveAtTheApollo

https://t.co/VddL8zWJfS",Mon Mar 19 09:32:02 +0000 2018,0.3642,0.0,0.152,0.152
220,BBC,"RT @BBCWthrWatchers: Some incredible photos sent in last night of the #Auroraborealis from Skye Woody, Cumbrian stargazer and DJStewie.  Di…",Mon Mar 19 09:27:50 +0000 2018,0.0,0.0,0.0,0.0
221,BBC,Beautiful spring blossom in south-west China has been captured by drone https://t.co/WTo7JjiKXw,Mon Mar 19 08:45:02 +0000 2018,0.5994,0.0,0.262,0.262
222,BBC,"? Should we still be worried about the hole in the ozone layer?

? @SimonOKing and @clarenasir investigate in their… https://t.co/SZV3Df9y0t",Mon Mar 19 08:02:00 +0000 2018,-0.296,0.109,0.0,0.0
223,BBC,"?? @LesDennis, @SimplySusannah, @Tameka_Empson and Miles Jupp embark on a muscle-grinding mission to regain their f… https://t.co/B1rXaalmk2",Sun Mar 18 20:30:11 +0000 2018,0.0,0.0,0.0,0.0
224,BBC,?? Fans of K-Pop boyband member @IBGDRGN have been asked to stop sending fan mail to the army base where he's doing… https://t.co/ojtDZ3gMfb,Sun Mar 18 20:03:04 +0000 2018,0.0258,0.086,0.09,0.09
225,BBC,"Saoirse Ronan stars as Eilis, a young girl who jumps at the chance of a better life when she emigrates to New York.… https://t.co/NtHAfh6cjZ",Sun Mar 18 19:33:04 +0000 2018,0.5994,0.0,0.197,0.197
226,BBC,"Ruth Ellis was only 28 when she became the last woman hanged to death in the UK. 

#TheRuthEllisFiles | Watch on… https://t.co/5kUIFtom7t",Sun Mar 18 18:44:02 +0000 2018,-0.5994,0.163,0.0,0.0
227,BBC,"RT @BBC_TopGear: 840bhp goes a little like this…

@Matt_LeBlanc takes the Dodge Challenger SRT #Demon to the drag strip in this Sunday’s @T…",Sun Mar 18 18:34:14 +0000 2018,0.204,0.077,0.151,0.151
228,BBC,"RT @bbcthree: Be honest, do you think you'll be this fit at 81? https://t.co/Eca0uGCF6b",Sun Mar 18 17:18:12 +0000 2018,0.7331,0.0,0.34,0.34
229,BBC,"?? How much food do you throw away? If you're a typical Brit, you probably think it's hardly any.

You're in denial… https://t.co/0bSCbRrZJr",Sun Mar 18 17:04:03 +0000 2018,0.0,0.0,0.0,0.0
230,BBC,"????Zun Lee wants his photography to give a balanced and nuanced portrayal of black fatherhood.

?… https://t.co/LodRrr27fd",Sun Mar 18 16:33:17 +0000 2018,0.0,0.0,0.0,0.0
231,BBC,"? A doctor explains why you can get pregnant and give birth without having a baby bump. 
? https://t.co/nVrSpQoTOT https://t.co/iEEOjZdBKL",Sun Mar 18 15:41:04 +0000 2018,0.0,0.0,0.0,0.0
232,BBC,RT @BBCEngland: A number of runners have held their own half-marathon in Reading after the official event was called off due to the snowy w…,Sun Mar 18 14:33:07 +0000 2018,0.0772,0.0,0.053,0.053
233,BBC,RT @BBCSport: They’ve done it! Gold for GB’s Menna Fitzpatrick and Jen Kehoe in the visually impaired slalom at the Winter Paralympics. And…,Sun Mar 18 14:28:23 +0000 2018,0.0,0.0,0.0,0.0
234,BBC,?? Why a rise in electric cars could also mean a hike in the cost of your next phone. https://t.co/6i5xFQgRIW,Sun Mar 18 14:18:01 +0000 2018,0.0,0.0,0.0,0.0
235,BBC,RT @BBC6Music: ?? Which song has the greatest opening line?,Sun Mar 18 14:08:37 +0000 2018,0.6369,0.0,0.318,0.318
236,BBC,?Pop music is awash with those that released one hit album and never followed it up. Here are 7 huge artists that o… https://t.co/4ukT9drcdG,Sun Mar 18 13:45:03 +0000 2018,0.3182,0.0,0.095,0.095
237,BBC,"?? Would you eat a burger pie?  
#BackInTimeForTea https://t.co/zGWzJwdSlM",Sun Mar 18 13:00:08 +0000 2018,0.0,0.0,0.0,0.0
238,BBC,RT @BBCOne: If food is the language of love... https://t.co/5hnYovE94o,Sun Mar 18 12:29:50 +0000 2018,0.0,0.0,0.0,0.0
239,BBC,"Ever wondered why David Bowie wore an eye patch?

Strange things artists have worn on stage and the reasons why. 
?… https://t.co/8zSBXQkLvy",Sun Mar 18 11:43:04 +0000 2018,-0.4588,0.167,0.0,0.0
240,BBC,"?? Want to learn how to bake bread?

These easy to follow recipes and step-by-step videos will have you baking ever… https://t.co/iXEmj5WJdD",Sun Mar 18 10:30:04 +0000 2018,0.4939,0.0,0.174,0.174
241,BBC,"“I regret spending £50,000 on my wedding.” https://t.co/6PxJsDf9dn https://t.co/eJdx7KMmmK",Sun Mar 18 10:00:08 +0000 2018,-0.4215,0.259,0.0,0.0
242,BBC,"How to be 20 on the inside, even when you’re 80 on the outside... https://t.co/KB2mqpkrIB",Sun Mar 18 09:30:03 +0000 2018,0.0,0.0,0.0,0.0
243,BBC,"RT @BBCNews: Snow and ice are bringing disruption to many parts of the UK - but they're not stopping everyone from having fun ???

https://…",Sun Mar 18 09:19:33 +0000 2018,0.656,0.061,0.212,0.212
244,BBC,"RT @bbc5live: The beast from the east is back ????

You've been in touch this morning with your #uksnow pics, here are just a few...

What'…",Sun Mar 18 09:10:02 +0000 2018,0.0,0.0,0.0,0.0
245,BBC,"These seven celebrities are about to go on the journey of a lifetime... #Pilgrimage
https://t.co/m45UBXJew2",Sat Mar 17 20:02:01 +0000 2018,0.0,0.0,0.0,0.0
246,BBC,Can we just take a moment to discuss Eddie Redmanyne's coats?https://t.co/odVkhWyRKs,Sat Mar 17 19:21:02 +0000 2018,0.0,0.0,0.0,0.0
247,BBC,"Ouch! ??@GordonRamsay's daughter is hilarious... 
https://t.co/0dqwntX5uj",Sat Mar 17 18:32:01 +0000 2018,0.0,0.0,0.0,0.0
248,BBC,"?1?2?3?Sir David Attenborough explores whether there is counting in the natural world. 

David Attenborough's Natur… https://t.co/Q4H4uXR4pt",Sat Mar 17 18:03:04 +0000 2018,0.3612,0.0,0.143,0.143
249,BBC,One of the writers for The Simpsons has told @BBCNewsbeat Stephen Hawking was such a big fan of the show - he'd sho… https://t.co/Jjer3V4cYk,Sat Mar 17 17:30:07 +0000 2018,0.3182,0.0,0.099,0.099
250,BBC,"?? 'The moment I gave Reese Witherspoon my Legally Blonde dissertation... and yes, it was scented.'
?… https://t.co/z8x5mqqKoW",Sat Mar 17 17:00:08 +0000 2018,0.4767,0.0,0.215,0.215
251,BBC,RT @BBCWorld: Blossom in south-west China captured by drone https://t.co/gIDKUn1La6,Sat Mar 17 16:39:39 +0000 2018,0.0,0.0,0.0,0.0
252,BBC,"This year, over 250 landmarks across the globe are going green for #StPatricksDay! ? https://t.co/TlWqU0TXQT https://t.co/i4sW4OaGrQ",Sat Mar 17 15:03:12 +0000 2018,0.0,0.0,0.0,0.0
253,BBC,"RT @BBCRadio3: ""Even if we found a complete theory of the universe, it wouldn't remove the need for music"" - #StephenHawking
https://t.co/t…",Sat Mar 17 14:43:43 +0000 2018,0.0,0.0,0.0,0.0
254,BBC,??? George has autism and other health conditions - but his love of skiing is helping him take on the outside world. https://t.co/kfCzRzkcNY,Sat Mar 17 14:00:30 +0000 2018,0.8625,0.0,0.301,0.301
255,BBC,"RT @5liveSport: 'My mates didn't know I was playing @realmadrid'

@ManUtd's @carras16 tells @ColinMurray his friends keep him grounded…

'A…",Sat Mar 17 13:46:15 +0000 2018,0.3628,0.073,0.143,0.143
256,BBC,"Yes, Gary Oldman and @BBCEastEnders' Big Mo are brother and sister. 

But do you know these other celeb family ties… https://t.co/dtzMwD3nBB",Sat Mar 17 13:00:08 +0000 2018,0.4019,0.0,0.119,0.119
257,BBC,"RT @BBCOne: .@NiallOfficial won't let fame get to his head - Ireland won't allow it. 

Happy #StPatricksDay ? https://t.co/OrWR94HStF",Sat Mar 17 12:39:41 +0000 2018,-0.7244,0.336,0.0,0.0
258,BBC,??? This shop encourages you to bring your own container from home to save on single-use plastic waste. https://t.co/TdHJSycKtO,Sat Mar 17 12:00:09 +0000 2018,0.5106,0.112,0.245,0.245
259,BBC,?? ? Celebrate #StPatricksDay in true Irish style with these delicious recipes! ?https://t.co/2MCMlz6K0B https://t.co/k18P3Syx2N,Sat Mar 17 11:30:09 +0000 2018,0.8883,0.0,0.512,0.512
260,BBC,From scrambled eggs to chilli-spiced crisps: here are six great ways to cook with kale. ??https://t.co/lqKD1h83Iv https://t.co/yWESBJm62q,Sat Mar 17 11:03:05 +0000 2018,0.6249,0.0,0.204,0.204
261,BBC,RT @BBCTwo: Happy #StPatricksDay! Check out what's lurking beneath the calm waters of Ireland's west coast... ??? https://t.co/6MQgyLTlIr,Sat Mar 17 10:14:25 +0000 2018,0.6996,0.066,0.276,0.276
262,BBC,"?? Did you know that bullfinches can learn to sing a tune by mimicking humans?

? Sound on for this one!  https://t.co/44OFulioZp",Sat Mar 17 10:00:02 +0000 2018,0.0,0.0,0.0,0.0
263,BBC,"RT @BBCEngland: Stephen Hawking's PhD thesis has been viewed 250,000 times online since news of his death broke on Wednesday, the Universit…",Sat Mar 17 09:39:19 +0000 2018,-0.7717,0.251,0.0,0.0
264,BBC,"Ready to get active?
? Here are 5 ways you can get involved in #SportRelief2018. 
? https://t.co/wmKUWBDBjp https://t.co/xr7g5Hw4PK",Sat Mar 17 09:00:06 +0000 2018,0.6369,0.0,0.286,0.286
265,BBC,"RT @BBCR1: This guy just raised over a million pounds for @sportrelief ??

Congratulations on completing a truly mammoth task @gregjames, w…",Fri Mar 16 19:38:34 +0000 2018,0.7783,0.0,0.274,0.274
266,BBC,???? Keepy-uppy the good work! https://t.co/lFtKEBxjNJ,Fri Mar 16 18:31:01 +0000 2018,0.4926,0.0,0.39,0.39
267,BBC,??? Bradley has never let Asperger's hold him back from doing what he loves. https://t.co/5JFvIXeDSZ,Fri Mar 16 17:00:25 +0000 2018,0.5719,0.0,0.209,0.209
268,BBC,"Running for the door on a Friday afternoon like...
#FridayFeeling https://t.co/optoQcK1TV",Fri Mar 16 16:30:01 +0000 2018,0.0,0.0,0.0,0.0
269,BBC,??Jarvis Cocker describes the dream-like experience of visiting La Monte Young's Dreamhouse.… https://t.co/O9u7sPRL5m,Fri Mar 16 16:00:00 +0000 2018,0.0,0.0,0.0,0.0
270,BBC,"RT @BBCR1: The gruelling task of climbing Ben Nevis in underway for @gregjames after cycling 180 miles in a day and a half!

Don't know abo…",Fri Mar 16 14:25:15 +0000 2018,0.0,0.0,0.0,0.0
271,BBC,Prepare to get that warm fuzzy feeling - the man who photobombed his wife 11 years before he met her:… https://t.co/iZBJ8dEKhz,Fri Mar 16 14:00:13 +0000 2018,0.34,0.0,0.159,0.159
272,BBC,?? Why are soap bubbles such gorgeous colours? https://t.co/ppaXTcvWRZ,Fri Mar 16 12:59:01 +0000 2018,0.6124,0.0,0.333,0.333
273,BBC,"RT @BBCNewsPR: Get ready to make the headlines. 

Try out our new BBC iReporter game, putting you in the heart of the newsroom #BBCSchoolRe…",Fri Mar 16 12:38:40 +0000 2018,0.3612,0.0,0.098,0.098
274,BBC,"? Fights, funerals, and giant furry heads... @BBCThree lifts the lid on the lives of English football's mascots
?… https://t.co/gEYxoetlah",Fri Mar 16 12:00:04 +0000 2018,-0.6486,0.238,0.0,0.0
275,BBC,"RT @BBCRadio2: It's with a heavy heart that today we announce, after 18 fantastic years, @realLynnBowles is leaving Radio 2. ?

@realkenbru…",Fri Mar 16 10:45:24 +0000 2018,0.5574,0.0,0.159,0.159
276,BBC,Are you getting enough sleep? This simple test will tell you... ??#WorldSleepDay https://t.co/SP28dsdLSf,Fri Mar 16 10:02:00 +0000 2018,0.0,0.0,0.0,0.0
277,BBC,"RT @bbcthree: the dancing in taylor swift's new video seems pretty familiar 

CC @ChrisLilley https://t.co/MfA9usnqSb",Fri Mar 16 09:35:56 +0000 2018,0.4939,0.0,0.186,0.186
278,BBC,"RT @BBCEngland: Oscar-winning British short film The Silent Child is to be shown on BBC One on Good Friday, giving UK viewers the first cha…",Fri Mar 16 09:35:50 +0000 2018,0.6486,0.0,0.187,0.187
279,BBC,RT @BBCScotlandNews: Meet Chloe - the five-year-old girl changing perceptions of Down's syndrome https://t.co/UNylRgDoY0 https://t.co/4ZjpI…,Fri Mar 16 09:35:47 +0000 2018,0.0,0.0,0.0,0.0
280,BBC,"RT @BBCWales: ? Daffodils dance in the spring sunshine above Tenby harbour

? #Photooftheday » https://t.co/kNBVDzoYrZ https://t.co/OEQQWR7…",Fri Mar 16 09:35:43 +0000 2018,0.4939,0.0,0.198,0.198
281,BBC,"? After having his leg amputated, @MarkSmithBB is now training to become the world's strongest disabled man. https://t.co/BXlGp09hya",Fri Mar 16 09:00:03 +0000 2018,0.4404,0.0,0.153,0.153
282,BBC,"???
Take a look at some of the strangest, scariest and most wonderful plants on the planet, and find out what makes… https://t.co/AMFIAuRcxW",Fri Mar 16 08:30:05 +0000 2018,0.6115,0.0,0.16,0.16
283,BBC,??? Brace yourselves... a Chinese space station could be about to crash into earth. https://t.co/cPFxyUhRsq,Fri Mar 16 08:00:08 +0000 2018,-0.4019,0.172,0.0,0.0
284,BBC,Why were Ansel Adams photographs of America so important? #Civilisations https://t.co/8krOMxDz9C,Thu Mar 15 21:58:00 +0000 2018,0.3327,0.0,0.191,0.191
285,BBC,"At a time in China when artists were persecuted, this painter secretly created beautiful landscapes. #Civilisations https://t.co/ApGgOkXX2w",Thu Mar 15 21:04:00 +0000 2018,0.5574,0.108,0.278,0.278
286,BBC,70% of children growing up in poverty in Scotland have a parent who is in work. https://t.co/NPY8FbCaf4,Thu Mar 15 19:30:04 +0000 2018,-0.3818,0.174,0.089,0.089
287,BBC,"No time in the mornings? 
?? Pop these in the fridge the night before to feed the family breakfast almost instantly… https://t.co/FtuewpoBva",Thu Mar 15 18:30:06 +0000 2018,-0.296,0.095,0.0,0.0
288,BBC,??? Meet the amazing 84-year-old who’s never had an art lesson but painted a life-size replica of a Canaletto maste… https://t.co/X39YxKuxKe,Thu Mar 15 17:30:05 +0000 2018,0.34,0.0,0.118,0.118
289,BBC,RT @BBCR1: .@CHVRCHES covering @The1975's 'Somebody Else' in the Live Lounge is so stunning ? https://t.co/djNHaPKlLi,Thu Mar 15 13:52:24 +0000 2018,0.5214,0.0,0.194,0.194
290,BBC,"Tiny cookery. It's like regular cookery, but smaller. https://t.co/9Q0R2CiUVi",Thu Mar 15 13:00:05 +0000 2018,0.1901,0.0,0.179,0.179
291,BBC,"?? Stars of the silver screen all at sea. 
?? https://t.co/YJ7PzhblOE https://t.co/PnHxJNmeok",Thu Mar 15 12:00:16 +0000 2018,0.0,0.0,0.0,0.0
292,BBC,"BBC Economics Editor @bbckamal travels back to his old school to talk about real news, and it’s opposite, fake news… https://t.co/CAKG8AbVn8",Thu Mar 15 10:45:00 +0000 2018,-0.4767,0.134,0.0,0.0
293,BBC,RT @BBCr4today: Can you spot fake news? #BBCSchoolReport and John Humphrys are here to help... Play the game ? https://t.co/ulq1aviwP9 #r4t…,Thu Mar 15 10:26:48 +0000 2018,-0.1779,0.132,0.102,0.102
294,BBC,"RT @BBCR1: The bike is back.
The lycra is BACK.

@GregJames' #Gregathlon for @SportRelief is back on the road to Ben Nevis! Today's challen…",Thu Mar 15 09:53:48 +0000 2018,0.0,0.0,0.0,0.0
295,BBC,RT @BBCSpringwatch: ?? This adorable little wood mouse hit the jackpot when it came across this larder of tasty hedgehog food! Watch how it…,Thu Mar 15 09:53:11 +0000 2018,0.5411,0.0,0.132,0.132
296,BBC,RT @BBCTwo: ? CONFIRMED: The final series of #Episodes starts Friday 30 March on @BBCTwo! @matt_leblanc @stephenmangan ?? https://t.co/PeBz…,Thu Mar 15 09:50:25 +0000 2018,0.0,0.0,0.0,0.0
297,BBC,Meet the Maasai woman standing up to female genital mutilation. https://t.co/CWUQB81bUz,Thu Mar 15 09:00:08 +0000 2018,0.0,0.0,0.0,0.0
298,BBC,"?? A farm dairy in south west Scotland believes it is leading the way for what it describes as 'ethical' cheese.
?… https://t.co/VyfVlaVR0u",Thu Mar 15 08:30:08 +0000 2018,0.0,0.0,0.0,0.0
299,BBC,? When step-free access on London's Tube... isn't. https://t.co/62SPPru2ZP,Thu Mar 15 08:00:04 +0000 2018,0.0,0.0,0.0,0.0
300,Fox News,.@POTUS on opioid crisis: “Failure is not an option. Addiction is not our future. We will liberate our country from… https://t.co/5xLismjo7g,Mon Mar 19 19:00:15 +0000 2018,-0.6249,0.17,0.0,0.0
301,Fox News,".@POTUS on law enforcement officers: “We thank you, we honor you, and we want you to know that we will always have… https://t.co/2xJ7iyTEGJ",Mon Mar 19 18:56:00 +0000 2018,0.7184,0.0,0.259,0.259
302,Fox News,".@FLOTUS: ""We must continue educating [mothers] about the real dangers of opioids on unborn babies.""… https://t.co/YJhdGgWnZj",Mon Mar 19 18:46:26 +0000 2018,-0.4939,0.176,0.0,0.0
303,Fox News,.@POTUS delivers remarks on efforts to combat the opioid crisis.  https://t.co/xgbqseWlE2 https://t.co/FEclJ9H74n,Mon Mar 19 18:32:11 +0000 2018,-0.7579,0.394,0.0,0.0
304,Fox News,"OPINION: Sen. Tom Cotton: Why I support Pompeo at State, Haspel at CIA https://t.co/q4P3O8DFD7",Mon Mar 19 18:17:22 +0000 2018,0.4019,0.0,0.184,0.184
305,Fox News,Jesse James jackpot: Outlaw photo bought on eBay for $10 could be worth $2 million https://t.co/9jxynxJ458,Mon Mar 19 17:57:21 +0000 2018,0.2263,0.0,0.112,0.112
306,Fox News,RT @FoxBusiness: #BreakingNews: Dow falls 400+ points in tech-led downdraft https://t.co/30utuhJG0P https://t.co/tWwx1qJnC9,Mon Mar 19 17:30:25 +0000 2018,0.0,0.0,0.0,0.0
307,Fox News,Amazing drone footage captured the beauty of China’s countryside in the spring. https://t.co/V40asWEVDy,Mon Mar 19 17:27:44 +0000 2018,0.8225,0.0,0.409,0.409
308,Fox News,Steve Pomerantz on Austin bombings #OutnumberedOT https://t.co/bqG3aTGDOr https://t.co/SgqjLcZG12,Mon Mar 19 17:16:44 +0000 2018,0.0,0.0,0.0,0.0
309,Fox News,"JUST IN: Self-driving Uber car kills Arizona pedestrian, police say https://t.co/uNQM5CYNxt",Mon Mar 19 17:10:34 +0000 2018,-0.5829,0.274,0.0,0.0
310,Fox News,Austin package bomb attacks timeline https://t.co/88C8w2SrrF,Mon Mar 19 17:07:38 +0000 2018,-0.7269,0.604,0.0,0.0
311,Fox News,Facebook apologizes for search suggestions of child pornography videos https://t.co/1GXT4KHsVF (via @christocarbone),Mon Mar 19 17:04:00 +0000 2018,0.3612,0.0,0.185,0.185
312,Fox News,How the @WhiteHouse is tackling the opioid epidemic https://t.co/cvascK7QJC,Mon Mar 19 17:00:41 +0000 2018,0.0,0.0,0.0,0.0
313,Fox News,"Steven Seagal accusers detail rape, sexual assault allegations against actor https://t.co/qmw3ZPrdrO",Mon Mar 19 16:53:43 +0000 2018,-0.8591,0.486,0.0,0.0
314,Fox News,"Austin bombings show 'similarities,' work of 'serial bomber,' police say (via @travfed)  https://t.co/dLVCoqa6Ef",Mon Mar 19 16:35:00 +0000 2018,0.0,0.0,0.0,0.0
315,Fox News,Trump Bible heads to museum https://t.co/pFc43cxrXf,Mon Mar 19 16:30:12 +0000 2018,0.0,0.0,0.0,0.0
316,Fox News,President Trump heading to New Hampshire to unveil opioid plan https://t.co/ulleIslPOI,Mon Mar 19 16:29:44 +0000 2018,0.0,0.0,0.0,0.0
317,Fox News,Air Force One departs Joint Base Andrews en route to New Hampshire.  https://t.co/FbFRHL1rz4,Mon Mar 19 16:24:03 +0000 2018,0.0,0.0,0.0,0.0
318,Fox News,DC council member apologizes after blaming snowfall on Jewish bankers controlling climate https://t.co/RL52RxDg1z,Mon Mar 19 16:01:03 +0000 2018,-0.1779,0.192,0.15,0.15
319,Fox News,English restaurant offering 200-ounce steak challenge: 'We wanted to bring a bit of fun to the restaurant' https://t.co/NPcvEBDsrq,Mon Mar 19 15:47:04 +0000 2018,0.5574,0.0,0.235,0.235
320,Fox News,.@Richardafowler: “We all understand the Clintons were… the Democratic party of yesteryear and we are trying to mov… https://t.co/QJ46tLiGEk,Mon Mar 19 15:39:18 +0000 2018,0.4019,0.0,0.13,0.13
321,Fox News,"Cops: 4 Austin bombings show 'similarities,' work of 'serial bomber' https://t.co/dLVCoqrI2P",Mon Mar 19 15:29:59 +0000 2018,0.0,0.0,0.0,0.0
322,Fox News,Chief Brian Manley: “We are clearly dealing with what we expect to be a serial bomber at this point.”… https://t.co/IXPKAAsmue,Mon Mar 19 15:18:38 +0000 2018,0.4019,0.0,0.13,0.13
323,Fox News,Double amputee could become the first to climb Mt. Everest with no legs https://t.co/dTkfxtrhqi,Mon Mar 19 15:10:34 +0000 2018,-0.296,0.145,0.0,0.0
324,Fox News,".@Austin_Police and other officials provide an update on the most recent explosion in Austin, Texas.… https://t.co/wmDg4tvJVP",Mon Mar 19 15:04:24 +0000 2018,0.0,0.0,0.0,0.0
325,Fox News,.@RepLeeZeldin on curbing Russia: “President Trump actually did more in the last week than President Obama did in 8… https://t.co/FOBaiCXLN8,Mon Mar 19 14:56:08 +0000 2018,0.0,0.0,0.0,0.0
326,Fox News,.@RepLeeZeldin: “All signals is that the president will not be staying in the Iran nuclear deal.” https://t.co/VwWuwnuke7,Mon Mar 19 14:55:29 +0000 2018,0.0,0.0,0.0,0.0
327,Fox News,Maryland I-270 pileup involving 20 vehicles leaves multiple injured (via @travfed)  https://t.co/GLKZxpuGEP,Mon Mar 19 14:50:00 +0000 2018,-0.5859,0.324,0.0,0.0
328,Fox News,"Saudi Crown Prince Mohammed bin Salman says women are 'absolutely' equal to men, continues modernization push… https://t.co/vIpDkAANrQ",Mon Mar 19 14:39:15 +0000 2018,0.0,0.0,0.0,0.0
329,Fox News,"Massachusetts governor applauded, mocked for taking tequila shot on St. Patrick’s Day https://t.co/7Z3IAn4QRt",Mon Mar 19 14:35:43 +0000 2018,0.0516,0.146,0.158,0.158
330,Fox News,"Earlier, @SecondLady Karen Pence and Charlotte Pence joined @foxandfriends https://t.co/zNjNuFxy8K",Mon Mar 19 14:25:41 +0000 2018,0.0,0.0,0.0,0.0
331,Fox News,US military eyes futuristic 'bionic arm' for troops https://t.co/BOUeVun9p3,Mon Mar 19 14:24:50 +0000 2018,0.0,0.0,0.0,0.0
332,Fox News,'Angel Dad' on Appointment of Illegal Immigrant to Gov't Post: 'The Laws are Irrelevant' in CA https://t.co/5UwkV4LImY,Mon Mar 19 14:23:24 +0000 2018,-0.5574,0.184,0.0,0.0
333,Fox News,.@RepPeteKing: “I urge the president not to fire Bob Mueller. Let him complete the investigation.” https://t.co/Yy6GZiFXBV,Mon Mar 19 14:12:23 +0000 2018,0.2584,0.0,0.12,0.12
334,Fox News,"New Jersey judge, during DUI arrest, tells officers he is a 'f----ing judge' and will 'fight' them https://t.co/1c4TZG18Pz",Mon Mar 19 14:10:22 +0000 2018,-0.34,0.13,0.0,0.0
335,Fox News,The @USNavy @BlueAngels fly in formation during their #LukeDays2018 performance at Luke Air Force Base on March 18. https://t.co/C6bLXOoX2P,Mon Mar 19 13:33:14 +0000 2018,0.0,0.0,0.0,0.0
336,Fox News,English restaurant offering 200-ounce steak challenge: 'We wanted to bring a bit of fun to the restaurant' https://t.co/NPcvEBDsrq,Mon Mar 19 13:30:46 +0000 2018,0.5574,0.0,0.235,0.235
337,Fox News,Maryland I-270 pileup involving 20 vehicles leaves multiple injured https://t.co/GLKZxpuGEP,Mon Mar 19 13:16:16 +0000 2018,-0.5859,0.375,0.0,0.0
338,Fox News,"Pennsylvania college student reported missing in Bermuda, coach hopes for 'safe return' (via @travfed)  https://t.co/bJE6fxb2XW",Mon Mar 19 12:55:00 +0000 2018,0.5423,0.111,0.286,0.286
339,Fox News,'Outlander' actor says United crew was joking about stowing dogs in overhead bins https://t.co/R0ryfFzJgJ,Mon Mar 19 12:54:28 +0000 2018,0.5719,0.0,0.281,0.281
340,Fox News,".@seanhannity: “The president is 1000% right, there never was any Trump-Russia collusion.” https://t.co/1y4yp1tTYX",Mon Mar 19 12:45:22 +0000 2018,0.0,0.0,0.0,0.0
341,Fox News,".@seanhannity: “The only person that colluded in that campaign with the Russians, was Hillary Clinton.” https://t.co/BJs5dX5V8o",Mon Mar 19 12:43:32 +0000 2018,0.0,0.0,0.0,0.0
342,Fox News,Candace Owens: “That is exactly what modern feminism seems to be today is that they celebrate women but only if wom… https://t.co/mDSjlwQ0Mj,Mon Mar 19 12:34:43 +0000 2018,0.3291,0.0,0.101,0.101
343,Fox News,".@AmbJohnBolton on @foxandfriends: “I think the sooner that the Senate acts on the Pompeo nomination, the better fo… https://t.co/CrXizRzNuv",Mon Mar 19 12:29:00 +0000 2018,0.4404,0.0,0.139,0.139
344,Fox News,.@VP Mike Pence honors fallen soldiers @foxandfriends https://t.co/sIZgeU3WdR,Mon Mar 19 12:15:11 +0000 2018,0.2023,0.212,0.28,0.28
345,Fox News,OPINION: Michael Goodwin: A second special counsel should be investigating the FBI leaks https://t.co/TUIVfJ85mE,Mon Mar 19 12:10:16 +0000 2018,0.4019,0.0,0.184,0.184
346,Fox News,.@JaniceDean: “Just one word of encouragement can mean so much to people who have a chronic illness.”… https://t.co/6hDLvgs4tx,Mon Mar 19 12:04:52 +0000 2018,0.4215,0.0,0.149,0.149
347,Fox News,"Jim Carrey slammed for 'disgraceful,' garish portrait of Sarah Sanders https://t.co/mCrK1ZyqEQ",Mon Mar 19 11:49:30 +0000 2018,0.0,0.0,0.0,0.0
348,Fox News,.@POTUS initiative to end opioid abuse @foxandfriends https://t.co/4yuGmZLxcq https://t.co/nIYZFRgfiI,Mon Mar 19 11:30:10 +0000 2018,-0.6369,0.344,0.0,0.0
349,Fox News,".@SecAzar: ""If you’re involved in the distribution of illicit drugs or if you’re improperly using, selling, distrib… https://t.co/PNmNL86g9f",Mon Mar 19 11:27:20 +0000 2018,0.0,0.0,0.0,0.0
350,Fox News,.@SecAzar on opioid crisis: “The president today is laying out very bold actions and historic goals to stop this cr… https://t.co/hVh83QqJm7,Mon Mar 19 11:23:30 +0000 2018,-0.5279,0.232,0.106,0.106
351,Fox News,Disneyland replaces Marine vet's voice with a recording at Flag Retreat Ceremony https://t.co/wAvOPx41Fi,Mon Mar 19 11:09:41 +0000 2018,0.2023,0.0,0.141,0.141
352,Fox News,.@JaniceDean gives an update on the weather on @foxandfriends https://t.co/jSdDgWNARW,Mon Mar 19 10:59:25 +0000 2018,0.0,0.0,0.0,0.0
353,Fox News,School replaces detention with yoga @foxandfriends https://t.co/qvTaaiWIhU,Mon Mar 19 10:55:23 +0000 2018,-0.3612,0.294,0.0,0.0
354,Fox News,.@dbongino on @foxandfriends: “I would be very careful if I were a Democrat jumping to the defense of Andy McCabe.”… https://t.co/1xYmhcOVAo,Mon Mar 19 10:46:33 +0000 2018,0.3384,0.0,0.166,0.166
355,Fox News,Top UK official slams Russia's denials of poisoning ex-spy as 'absurd' https://t.co/a42TEXQTUJ,Mon Mar 19 10:40:46 +0000 2018,-0.4588,0.244,0.115,0.115
356,Fox News,"Don Rosenberg: “California, when it comes to anything to do with illegal aliens, the law is irrelevant.”… https://t.co/kJntxv6rNb",Mon Mar 19 10:37:43 +0000 2018,-0.5574,0.175,0.0,0.0
357,Fox News,.@JaniceDean: This is #MS -- My journey with multiple sclerosis (via @FoxNewsOpinion) https://t.co/SzmSd9HOER,Mon Mar 19 10:26:45 +0000 2018,0.0,0.0,0.0,0.0
358,Fox News,Pompeo to meet with Tillerson https://t.co/pTYp0Qr0Vj @foxandfriends https://t.co/xFdl7ZYXJS,Mon Mar 19 10:19:30 +0000 2018,0.0,0.0,0.0,0.0
359,Fox News,.@POTUS to announce opioid plan in New Hampshire https://t.co/4yuGmZLxcq @foxandfriends https://t.co/qlEwVcKV85,Mon Mar 19 10:17:44 +0000 2018,0.0,0.0,0.0,0.0
360,Fox News,Zinke defends 'konnichiwa' comment to Japanese-American lawmaker https://t.co/Delbnbug78,Mon Mar 19 10:06:20 +0000 2018,0.0,0.0,0.0,0.0
361,Fox News,Wendy Osefo: “To fire McCabe within 26 hours of his retirement is not only mean-spirited but is deeply rooted in ve… https://t.co/tfp5kqMh4b,Mon Mar 19 09:37:52 +0000 2018,-0.1779,0.075,0.0,0.0
362,Fox News,.@VP Pence stands with his hand on his heart as an Air Force carry team moves a transfer case containing the remain… https://t.co/9HUO3zam1T,Mon Mar 19 09:30:43 +0000 2018,0.4939,0.0,0.132,0.132
363,Fox News,".@MarshaBlackburn on the opioid epidemic: “One death is heartbreaking but when you have one death every 15 minutes,… https://t.co/E3KHa6cynP",Mon Mar 19 09:20:04 +0000 2018,-0.8689,0.38,0.0,0.0
364,Fox News,".@Uncle_Jimbo: “President Trump will consign the Iran deal to the ash heap of history, where it belongs.” https://t.co/3xPuz2W13Z",Mon Mar 19 09:12:38 +0000 2018,0.0,0.0,0.0,0.0
365,Fox News,"Peter Thiel: ""Our greatest political problem is the problem of political correctness."" #SundayFutures… https://t.co/f3L5o5swgM",Mon Mar 19 09:00:02 +0000 2018,-0.0516,0.262,0.204,0.204
366,Fox News,".@Scaramucci: ""If [@realDonaldTrump] didn't fight back at it, he wouldn't have won the presidency."" https://t.co/JQvXoOtrd2",Mon Mar 19 08:59:00 +0000 2018,-0.2057,0.165,0.12,0.12
367,Fox News,Several Kansas billboards call for prosecution of officer who fatally shot unarmed man in 'swatting' incident https://t.co/kqXIKArhxJ,Mon Mar 19 08:45:00 +0000 2018,-0.8126,0.33,0.0,0.0
368,Fox News,Florida bridge collapse victim's uncle blasts decision to let cars pass below unfinished span https://t.co/uZzKprmF1e,Mon Mar 19 08:39:30 +0000 2018,-0.4939,0.186,0.0,0.0
369,Fox News,".@AlanDersh: “Even if the president wanted McCabe fired, I don’t see that he could have any influence on that decis… https://t.co/Gjv4kARSyc",Mon Mar 19 08:29:00 +0000 2018,-0.5574,0.159,0.0,0.0
370,Fox News,".@TomFitton: ""It was always an ethical disaster at the @FBI, certainly under the latter days of the #Obama administ… https://t.co/ORqPNd2pyE",Mon Mar 19 08:26:47 +0000 2018,0.1531,0.153,0.213,0.213
371,Fox News,#Trump attorney denies president is considering firing Mueller https://t.co/KdW0NJRZCI https://t.co/hhI1mSN4yH,Mon Mar 19 08:15:12 +0000 2018,-0.6369,0.394,0.0,0.0
372,Fox News,Austin on edge after fourth explosion leaves 2 injured; cause of blast unclear https://t.co/4vVnKUIR3S https://t.co/FBLwxlS04X,Mon Mar 19 08:11:36 +0000 2018,-0.5719,0.281,0.0,0.0
373,Fox News,Missing Colorado toddler dies hours after being found https://t.co/b15hr3Hmvp,Mon Mar 19 07:59:20 +0000 2018,-0.296,0.216,0.0,0.0
374,Fox News,"CALLING FOR BAA-CK UP: Police officers in Roswell, Georgia were called to wrangle some barnyard animals after one h… https://t.co/aAQIA9aRNM",Mon Mar 19 07:58:00 +0000 2018,0.0,0.0,0.0,0.0
375,Fox News,"Chris Swecker: ""This was the @FBI cleaning its own house. It was the FBI taking some tough medicine to get the body… https://t.co/UuBTlnu2xq",Mon Mar 19 07:51:00 +0000 2018,-0.128,0.064,0.0,0.0
376,Fox News,"Larry P. Arnn on the creation of the Declaration of Independence: ""For the first time in human history, in this par… https://t.co/LdEv9VRLYL",Mon Mar 19 07:48:00 +0000 2018,0.2732,0.0,0.091,0.091
377,Fox News,"Trump: Never saw McCabe take notes, 'Can we call them fake memos?' https://t.co/d5vKaI7Mff",Mon Mar 19 07:43:00 +0000 2018,-0.4767,0.205,0.0,0.0
378,Fox News,".@SteveHiltonx on foreign government lobbying: ""If you're being paid by foreign governments, you are betraying Amer… https://t.co/HiIIoMhgOh",Mon Mar 19 07:38:00 +0000 2018,-0.5859,0.242,0.0,0.0
379,Fox News,A germophobe gorilla? Philadelphia Zoo primate walks upright so he won't get his hands dirty https://t.co/PusRt1RPzi,Mon Mar 19 07:33:00 +0000 2018,-0.4404,0.172,0.0,0.0
380,Fox News,".@JudgeJeanine: ""If someone brought me a dossier upon which I signed a warrant that they swore to, and I find out t… https://t.co/jweRm2RPTl",Mon Mar 19 07:28:00 +0000 2018,0.0,0.0,0.0,0.0
381,Fox News,Single $456.7M Powerball ticket sold in Pennsylvania: report https://t.co/6xfGUrAKLn,Mon Mar 19 07:23:00 +0000 2018,0.0,0.0,0.0,0.0
382,Fox News,MAY I HAVE YOUR ATTENTION PLEASE?: Sulaiman the gorilla tried to grab the attention of the Milwaukee Zoo's youngest… https://t.co/Kc3G3ZXytT,Mon Mar 19 07:20:37 +0000 2018,0.0,0.0,0.0,0.0
383,Fox News,.@POTUS to seek death penalty for some drug traffickers in plan to fight opioid crisis. https://t.co/4yuGmZLxcq https://t.co/pjMEAcWDZV,Mon Mar 19 07:18:00 +0000 2018,-0.9274,0.511,0.0,0.0
384,Fox News,'Fieri's Follicles' lets you name a strand of Guy Fieri's hair after someone https://t.co/XPXmJIY4gz,Mon Mar 19 07:13:00 +0000 2018,0.0,0.0,0.0,0.0
385,Fox News,".@OliverNorthFNC on Russia probe: ""We the people are supposed to decide who governs us. And the Congress of the U.S… https://t.co/IgaGsdXUnw",Mon Mar 19 07:08:00 +0000 2018,0.0,0.0,0.0,0.0
386,Fox News,Zinke defends 'konnichiwa' comment to Japanese-American lawmaker https://t.co/Delbnbug78,Mon Mar 19 07:02:54 +0000 2018,0.0,0.0,0.0,0.0
387,Fox News,".@AriFleischer on Russia probe: ""Partisanship is a part of the land today."" https://t.co/swL8gMrPvt",Mon Mar 19 06:58:00 +0000 2018,0.0,0.0,0.0,0.0
388,Fox News,Same-sex couple accuses Texas newspaper of discrimination after obit was altered https://t.co/f9qAt1ohah,Mon Mar 19 06:53:00 +0000 2018,-0.34,0.179,0.0,0.0
389,Fox News,"""We are working under the belief that they are connected.""

Austin Police Chief Brian Manley spoke in a news confer… https://t.co/lpSm6Y8knZ",Mon Mar 19 06:51:39 +0000 2018,0.0,0.0,0.0,0.0
390,Fox News,".@amychua: ""We must teach our children that this is a special country. That's what holds us together."" https://t.co/7iqBG8TuJI",Mon Mar 19 06:48:00 +0000 2018,0.4019,0.0,0.144,0.144
391,Fox News,What to expect from Putin and a resurgent Russia https://t.co/pBAm0NLaqk,Mon Mar 19 06:43:00 +0000 2018,0.0,0.0,0.0,0.0
392,Fox News,".@newtgingrich: ""We rely as a country on the rule of law... We have as a country an obligation to root out the canc… https://t.co/fCh9odKxqR",Mon Mar 19 06:37:00 +0000 2018,0.0,0.0,0.0,0.0
393,Fox News,Democratic New York lawmaker to introduce bill to protect pets flying on airplanes https://t.co/MDUYboE4pD,Mon Mar 19 06:32:00 +0000 2018,0.3818,0.0,0.167,0.167
394,Fox News,".@AmbJohnBolton: ""I don't think we should necessarily confine our retaliation to cyber space either."" https://t.co/Rsp0UdsTqS",Mon Mar 19 06:27:00 +0000 2018,0.0,0.0,0.0,0.0
395,Fox News,Police dogs and their handlers deploy at the scene of an explosion that left two people with non-life threatening i… https://t.co/rfIauQhdPC,Mon Mar 19 06:22:00 +0000 2018,-0.5267,0.145,0.0,0.0
396,Fox News,".@AriFleischer on Russia probe: ""Independent counsel is no longer the law of the land as opposed to special counsel… https://t.co/1lt1Zej2mp",Mon Mar 19 06:17:00 +0000 2018,0.128,0.096,0.118,0.118
397,Fox News,".@JudgeJeanine: ""One of the things I learned in life is never worry that someone else is getting a better deal than… https://t.co/lhAUo2MBPa",Mon Mar 19 06:12:00 +0000 2018,0.6492,0.0,0.228,0.228
398,Fox News,"Bob Bennett: ""There's a real difference between independent counsels and special counsels. I do think we need a spe… https://t.co/Jisx3fUywv",Mon Mar 19 06:07:00 +0000 2018,0.4019,0.0,0.144,0.144
399,Fox News,"Mississippi boy, 9, fatally shoots teen sister in head over video game controller, police say https://t.co/lYP5Zzedgd",Mon Mar 19 06:02:00 +0000 2018,-0.6369,0.219,0.0,0.0
400,CNN,"RT @CNNPolitics: Trump announces an anti-opioid commercial campaign directed at children: “It’s the least expensive thing we can do, where…",Mon Mar 19 19:05:19 +0000 2018,0.0,0.0,0.0,0.0
401,CNN,"Expect more trouble from Putin after the election, says CNN's National Security Analyst | @CNNOpinion… https://t.co/2GQ3lphWNX",Mon Mar 19 19:04:42 +0000 2018,-0.1513,0.163,0.13,0.13
402,CNN,"President Trump: ""I'm repeating my call on Congress to block funds for sanctuary cities and to close the deadly loo… https://t.co/sRwiXeqrBU",Mon Mar 19 19:03:19 +0000 2018,-0.4404,0.127,0.0,0.0
403,CNN,"President Trump: The Southern US border must be secured; ""The second part of our initiative is to reduce the supply… https://t.co/dMoENUJP5U",Mon Mar 19 18:59:51 +0000 2018,0.4019,0.0,0.119,0.119
404,CNN,"President Trump: ""We can have all the blue-ribbon committees we want, but if we don't get tough on the drug dealers… https://t.co/wry6l9yIi9",Mon Mar 19 18:52:41 +0000 2018,0.1791,0.0,0.119,0.119
405,CNN,96-year-old style icon Iris Apfel has become the oldest person ever to be immortalized as a Barbie doll… https://t.co/UAUsJaRrtM,Mon Mar 19 18:50:06 +0000 2018,0.0,0.0,0.0,0.0
406,CNN,"President Trump speaks at a New Hampshire event. https://t.co/MEQA7aPK8y

Watch CNN: https://t.co/UYpqI3w42L 

Watc… https://t.co/LeVAA7Xsd5",Mon Mar 19 18:40:49 +0000 2018,0.0,0.0,0.0,0.0
407,CNN,Miami Heat star @DwyaneWade on his efforts to support Florida school shooting victims and survivors: “I do more tha… https://t.co/WwH4iyXH7L,Mon Mar 19 18:40:04 +0000 2018,0.1027,0.1,0.117,0.117
408,CNN,President Trump has signed an executive order banning US citizens from buying Venezuela's newly created cryptocurre… https://t.co/b5Y2IsH4LH,Mon Mar 19 18:35:08 +0000 2018,0.25,0.0,0.111,0.111
409,CNN,President Trump and Melania Trump are making remarks in New Hampshire on combatting the opioid crisis. Watch on Fac… https://t.co/A4oFKR403E,Mon Mar 19 18:34:44 +0000 2018,-0.6249,0.177,0.0,0.0
410,CNN,What you need to know about Facebook's data debacle https://t.co/6qgcwcQMNO https://t.co/JiIf44mBHU,Mon Mar 19 18:30:04 +0000 2018,0.0,0.0,0.0,0.0
411,CNN,"Mark Zuckerberg's net worth dropped $5 billion following news that data firm Cambridge Analytica, which had ties to… https://t.co/9AD7ms4uAi",Mon Mar 19 18:20:05 +0000 2018,0.2263,0.0,0.095,0.095
412,CNN,President Trump will hire an attorney to join his personal legal team who has alleged the President is being framed… https://t.co/HVrnkUFv20,Mon Mar 19 18:10:04 +0000 2018,0.4019,0.0,0.163,0.163
413,CNN,Two things can -- and likely are -- true about the possibility of President Trump facing a serious primary in 2020.… https://t.co/jKMflOlz70,Mon Mar 19 18:00:11 +0000 2018,0.3612,0.056,0.121,0.121
414,CNN,"""President Trump is acting guilty as hell going after Mueller,"" says Democratic Sen. Chris Van Hollen… https://t.co/tTx9TcCVAI",Mon Mar 19 17:50:27 +0000 2018,-0.8126,0.33,0.0,0.0
415,CNN,JUST IN: Uber has removed its self-driving cars from the road after a self-driving Uber SUV struck and killed a ped… https://t.co/RMoFwN2CC9,Mon Mar 19 17:43:44 +0000 2018,-0.7769,0.274,0.0,0.0
416,CNN,SXSW bomb threat forces cancellation of The Roots concert https://t.co/kCbOVNUTIP https://t.co/od0545Ux4H,Mon Mar 19 17:40:33 +0000 2018,-0.765,0.423,0.0,0.0
417,CNN,"Fred Meyer stores will phase out all sales of guns and ammunition, according to its parent company, Kroger… https://t.co/r10zEcALBk",Mon Mar 19 17:30:05 +0000 2018,0.0,0.0,0.0,0.0
418,CNN,"A massive bushfire has engulfed a small town in southeastern Australia, destroying more than 100 buildings and forc… https://t.co/uDbVlgR2eP",Mon Mar 19 17:20:41 +0000 2018,-0.5574,0.184,0.0,0.0
419,CNN,The data scientist who gathered info on millions of Facebook users for a firm tied to Trump's campaign says he'd be… https://t.co/s1PD8fpOMA,Mon Mar 19 17:10:07 +0000 2018,0.0,0.0,0.0,0.0
420,CNN,Special counsel Robert Mueller has provided lawyers for President Trump a list of questions as part of ongoing nego… https://t.co/rYDHFMp47A,Mon Mar 19 17:00:09 +0000 2018,0.4019,0.0,0.13,0.13
421,CNN,A real estate investment startup co-founded by Jared Kushner skirted New York City laws and earned his company more… https://t.co/uPe1LLXUlR,Mon Mar 19 16:50:07 +0000 2018,0.0,0.0,0.0,0.0
422,CNN,A 9-year-old boy shot and killed his 13-year-old sister after they got into an argument over a video game controlle… https://t.co/M9RVwVatyC,Mon Mar 19 16:40:07 +0000 2018,-0.7906,0.292,0.0,0.0
423,CNN,"RT @CNNweather: The severe storm risk has been UPGRADED to MODERATE meaning significant tornadoes, very large hail, and damaging winds are…",Mon Mar 19 16:38:29 +0000 2018,-0.683,0.292,0.123,0.123
424,CNN,"A Cirque du Soleil performer died Saturday night after he fell during a performance in Tampa, Florida… https://t.co/0nYTl5bCzn",Mon Mar 19 16:30:23 +0000 2018,-0.5574,0.194,0.0,0.0
425,CNN,"Every job is safe in the White House — until it's not, writes Alice Stewart for @CNNOpinion https://t.co/hNeFFq6UZT https://t.co/Nwfe8JYnUy",Mon Mar 19 16:22:46 +0000 2018,0.4404,0.0,0.146,0.146
426,CNN,"In 1999, there were more than 2 million pay phones across America. 100,000 are left today. https://t.co/eJgOJtrM3c https://t.co/8bKq0lDY04",Mon Mar 19 16:11:14 +0000 2018,-0.1689,0.094,0.0,0.0
427,CNN,9/11 hero who saved hundreds dies of cancer at age 45 https://t.co/867SmwNNsE https://t.co/poyiJf663n,Mon Mar 19 16:00:30 +0000 2018,0.25,0.212,0.308,0.308
428,CNN,"""I do more than dribble"": Miami Heat star Dwyane Wade defends his activism in the wake of the Florida school shooti… https://t.co/t92E3SLVOR",Mon Mar 19 15:50:09 +0000 2018,0.0,0.0,0.0,0.0
429,CNN,"The Cambridge Analytica scandal has done immense damage to the Facebook brand, sources across the company believe… https://t.co/SB81VqUcwE",Mon Mar 19 15:40:12 +0000 2018,-0.7269,0.276,0.0,0.0
430,CNN,President Trump may not be able to fire Robert Mueller. So he's doing the next best thing. | Analysis by… https://t.co/D51NhkBqPk,Mon Mar 19 15:30:06 +0000 2018,0.4215,0.098,0.171,0.171
431,CNN,Austin Police Chief Brian Manley: “We are clearly dealing with what we expect to be a serial bomber at this point”… https://t.co/RcMekTIQzv,Mon Mar 19 15:18:36 +0000 2018,0.4019,0.0,0.119,0.119
432,CNN,"Former FBI Director James Comey's book is already a best seller, with President Trump's help https://t.co/XwDviZepni https://t.co/RLRPj3sPoP",Mon Mar 19 15:16:28 +0000 2018,0.7845,0.0,0.33,0.33
433,CNN,"Police chief: There are ""similarities"" in all four bombs that have exploded in Austin since March 2 https://t.co/cCAhHjRSqP",Mon Mar 19 15:14:31 +0000 2018,0.0,0.0,0.0,0.0
434,CNN,"Officials in Austin, Texas are holding a briefing after 4 bombings in less than 3 weeks: https://t.co/UYpqI3w42L … https://t.co/LsjH8I0Nit",Mon Mar 19 15:04:53 +0000 2018,0.0,0.0,0.0,0.0
435,CNN,Walmart is partnering up with Handy to offer TV mounting and furniture assembly https://t.co/MqCVMg5463 https://t.co/UcNUCPGfxD,Mon Mar 19 15:02:05 +0000 2018,0.0,0.0,0.0,0.0
436,CNN,"Four bombings in less than 3 weeks have left Austin, Texas, on edge https://t.co/rJrmIQsYy5

Police are planning to… https://t.co/GjVmxg8xhl",Mon Mar 19 14:50:06 +0000 2018,0.0,0.0,0.0,0.0
437,CNN,"RT @CNNweather: Snow on the first day of Spring?! Yes, another nor'easter is possible beginning Tuesday. Severe storms will also impact the…",Mon Mar 19 14:47:11 +0000 2018,0.1007,0.102,0.117,0.117
438,CNN,This single mother and her four children were living out of their car. Then a cop decided he had to do something.… https://t.co/Xo0DC5KTki,Mon Mar 19 14:40:07 +0000 2018,0.0,0.0,0.0,0.0
439,CNN,"A Washington, DC, council member apologized after receiving backlash for comments he made in a video implying Washi… https://t.co/W3g5D0Wv5C",Mon Mar 19 14:30:08 +0000 2018,0.3182,0.0,0.126,0.126
440,CNN,A helicopter carrying Ivanka Trump and Jared Kushner had to return to an airport in Washington on Thursday after on… https://t.co/C9HeASieJm,Mon Mar 19 14:20:09 +0000 2018,0.0,0.0,0.0,0.0
441,CNN,"Ex-data firm worker: We got ""into the hearts and minds of American voters in a way that had never been done before""… https://t.co/Fx9er9wYfB",Mon Mar 19 14:10:09 +0000 2018,0.0,0.0,0.0,0.0
442,CNN,"The election that handed victory to Russia's Vladimir Putin was ""overly controlled"" and ""lacked genuine competition… https://t.co/w2NMEeTg4n",Mon Mar 19 14:00:03 +0000 2018,0.0,0.0,0.0,0.0
443,CNN,"President Trump tweets ""WITCH HUNT,"" continuing his attack on special counsel Robert Mueller https://t.co/ySrPpGkkdN https://t.co/3u5XhBPlOf",Mon Mar 19 13:50:09 +0000 2018,-0.5622,0.301,0.128,0.128
444,CNN,"Last night, an explosion injured two men in Austin, Texas. It's the fourth in the city this month. Here's what we k… https://t.co/6RHgxPUvis",Mon Mar 19 13:40:03 +0000 2018,-0.4019,0.109,0.0,0.0
445,CNN,Police have identified the six people who died when a pedestrian bridge crumbled on Thursday west of downtown Miami… https://t.co/B0Zu0r0eji,Mon Mar 19 13:37:44 +0000 2018,-0.5574,0.167,0.0,0.0
446,CNN,A low-pressure system moving across the Southeast today is expected to develop into yet another nor'easter beginnin… https://t.co/qChoiQGHRs,Mon Mar 19 13:30:04 +0000 2018,0.0,0.0,0.0,0.0
447,CNN,"On this day in 1918, Congress passed the Standard Time Act that established time zones and daylight saving time. Bu… https://t.co/IEvJDeNcpO",Mon Mar 19 13:20:03 +0000 2018,0.0,0.0,0.0,0.0
448,CNN,"RT @NewDay: ""How can we move on -- as adults, as parents -- when we know our kids are not safe at school?"" Miami Heat star @DwyaneWade asks…",Mon Mar 19 13:12:05 +0000 2018,-0.3412,0.082,0.0,0.0
449,CNN,9/11 hero who saved hundreds dies of cancer at age 45 https://t.co/lDJaYv3qLs https://t.co/qRY4IADVB6,Mon Mar 19 13:10:09 +0000 2018,0.25,0.212,0.308,0.308
450,CNN,"Former Trump campaign adviser Michael Caputo says President Trump sitting down with Robert Mueller would be a ""situ… https://t.co/oFZUyzSiJt",Mon Mar 19 13:10:00 +0000 2018,0.0,0.0,0.0,0.0
451,CNN,Miami Heat star @DwyaneWade on his efforts to support Florida school shooting victims and survivors: “I do more tha… https://t.co/IRUNOQh5MC,Mon Mar 19 13:05:12 +0000 2018,0.1027,0.1,0.117,0.117
452,CNN,CIA Director Mike Pompeo will meet with outgoing Secretary of State Rex Tillerson at the State Department on Monday… https://t.co/HBzzKtG44H,Mon Mar 19 13:00:14 +0000 2018,0.296,0.0,0.104,0.104
453,CNN,Patients who visit emergency rooms are getting hit with sky-high bills. Spending on an ER visit in the US rose to $… https://t.co/k0bv2PWwj6,Mon Mar 19 12:50:07 +0000 2018,-0.3818,0.106,0.0,0.0
454,CNN,"In 1999, there were more than 2 million pay phones across America. 100,000 are left today. https://t.co/xDn32RfIs6 https://t.co/J9r6PnbMEN",Mon Mar 19 12:40:06 +0000 2018,-0.1689,0.094,0.0,0.0
455,CNN,Don't miss @davebriggstv’s exclusive interview with Miami Heat star @DwyaneWade on his efforts to help the students… https://t.co/E14BMNhcC0,Mon Mar 19 12:30:07 +0000 2018,0.4164,0.067,0.202,0.202
456,CNN,Facebook under fire over how data got into the hands of a firm with Trump ties https://t.co/H8YxDS3Ke9,Mon Mar 19 12:25:04 +0000 2018,-0.34,0.138,0.0,0.0
457,CNN,"Spring begins Tuesday, but winter isn't ready to retire just yet.

A storm will bring rain and snow across the mid-… https://t.co/k2oXqgHlZx",Mon Mar 19 12:20:09 +0000 2018,-0.395,0.118,0.0,0.0
458,CNN,The president of Mauritius and Africa's only female head of state will resign this week over claims she used a cred… https://t.co/ySp3gZdPAU,Mon Mar 19 12:10:27 +0000 2018,-0.34,0.107,0.0,0.0
459,CNN,"Cambridge Analytica co-founder Christopher Wylie says his account on Instagram, which is owned by Facebook, has als… https://t.co/shGUGpzjhE",Mon Mar 19 12:06:01 +0000 2018,0.0,0.0,0.0,0.0
460,CNN,"For the fourth time this month, an explosion has struck the capital of Texas -- elevating fears of a serial bomber.… https://t.co/fRBGqLN4b0",Mon Mar 19 12:00:13 +0000 2018,-0.5859,0.202,0.0,0.0
461,CNN,"A student, father of three and a businessman who ""went out of his way to help anybody"": 

Police have identified th… https://t.co/OF7JS2wZoQ",Mon Mar 19 11:50:06 +0000 2018,0.4019,0.0,0.124,0.124
462,CNN,Congress is expected to vote on a massive $1.3 trillion spending package this week that keeps all of the government… https://t.co/8CxnmFU3od,Mon Mar 19 11:40:07 +0000 2018,0.0,0.0,0.0,0.0
463,CNN,"5 things for Monday:

- Another Austin explosion
- North Korea
- Russia election
- President Trump
- Facebook… https://t.co/AsmpKR4uKE",Mon Mar 19 11:30:04 +0000 2018,0.0,0.0,0.0,0.0
464,CNN,This single mother and her four children were living out of their car. Then a cop decided he had to do something.… https://t.co/oUqbhLL701,Mon Mar 19 11:20:06 +0000 2018,0.0,0.0,0.0,0.0
465,CNN,RT @donie: This morning @profcarroll tells @NewDay why he is suing Cambridge Analytica for his data. Case could shed light on how millions…,Mon Mar 19 11:15:39 +0000 2018,-0.2732,0.087,0.0,0.0
466,CNN,Vladimir Putin has extended his grip on Russia for another six years after an overwhelming victory in Sunday's pres… https://t.co/p5gPEdfFwb,Mon Mar 19 11:10:05 +0000 2018,0.0,0.0,0.0,0.0
467,CNN,President Trump has left no doubt he is determined to derail or discredit Robert Mueller's special counsel probe |… https://t.co/JE5O6Wsjrv,Mon Mar 19 11:00:10 +0000 2018,-0.2023,0.256,0.189,0.189
468,CNN,"An explosion in Austin that injured two men Sunday night could have been triggered by a tripwire, police say. It ma… https://t.co/xQKnXUDW2n",Mon Mar 19 10:50:07 +0000 2018,-0.4019,0.119,0.0,0.0
469,CNN,"Facebook has suspended Cambridge Analytica co-founder Christopher Wylie from using its platform. 

""Suspended by Fa… https://t.co/AIu9vreVSn",Mon Mar 19 10:40:10 +0000 2018,-0.7351,0.307,0.0,0.0
470,CNN,"A nationwide shortage of injectable opioid painkillers has left hospitals scrambling to find alternatives, in some… https://t.co/5hZ3kpZbOP",Mon Mar 19 10:30:03 +0000 2018,-0.25,0.118,0.0,0.0
471,CNN,A helicopter carrying Ivanka Trump and Jared Kushner had to return to an airport in Washington on Thursday after on… https://t.co/vPOMLCFXoN,Mon Mar 19 10:18:23 +0000 2018,0.0,0.0,0.0,0.0
472,CNN,Politicians on both sides of the Atlantic want answers after Facebook's latest controversy involving the 2016 elect… https://t.co/vtK7MZKTj5,Mon Mar 19 10:06:01 +0000 2018,0.0772,0.0,0.071,0.071
473,CNN,Donald Trump's weekend of assaults on Robert Mueller's investigation pushed Washington closer than ever to the majo… https://t.co/oiZgixAc1M,Mon Mar 19 09:43:50 +0000 2018,-0.5423,0.171,0.0,0.0
474,CNN,Myanmar's controversial State Counselor Aung San Suu Kyi has canceled a rare public appearance in Australia due to… https://t.co/kbkfcaQINQ,Mon Mar 19 08:49:43 +0000 2018,-0.2023,0.096,0.0,0.0
475,CNN,Sweden helping negotiate release of Americans held in North Korea https://t.co/2TidJgsCbu https://t.co/biaNFkdjoA,Mon Mar 19 08:38:38 +0000 2018,0.296,0.0,0.167,0.167
476,CNN,"Expect more trouble from Putin after the election, says CNN's National Security Analyst | @CNNOpinion… https://t.co/hkstNkEJJi",Mon Mar 19 08:27:39 +0000 2018,-0.1513,0.163,0.13,0.13
477,CNN,SXSW bomb threat forces cancellation of The Roots concert https://t.co/RO2JH54CqI https://t.co/B5ND6f4xij,Mon Mar 19 08:16:28 +0000 2018,-0.765,0.423,0.0,0.0
478,CNN,"Representatives of North Korea, South Korea and the US are set to meet in Finland https://t.co/lO57Mw2nEF https://t.co/7e9FsRdBji",Mon Mar 19 08:05:15 +0000 2018,0.0,0.0,0.0,0.0
479,CNN,A Cirque du Soleil aerialist died Saturday night after falling during a performance https://t.co/awnQK4uRDQ https://t.co/UPjWkOP0PO,Mon Mar 19 07:58:29 +0000 2018,-0.6369,0.321,0.0,0.0
480,CNN,Health workers in Pakistan vaccinating children against polio have come under attack in recent years https://t.co/LV8YuCrfxP,Mon Mar 19 07:52:00 +0000 2018,-0.4767,0.171,0.0,0.0
481,CNN,A helicopter carrying Ivanka Trump and Jared Kushner had to return to an airport in Washington on Thursday after on… https://t.co/73AxVwypVX,Mon Mar 19 07:45:32 +0000 2018,0.0,0.0,0.0,0.0
482,CNN,The president of Mauritius and Africa's only female head of state will resign this week over claims she used a cred… https://t.co/rWE4YmOwvq,Mon Mar 19 07:39:04 +0000 2018,-0.34,0.107,0.0,0.0
483,CNN,"Vladimir Putin will rule Russia for another 6 years, exit polls show, after a muted election campaign with no meani… https://t.co/o60a0zTdqf",Mon Mar 19 07:30:04 +0000 2018,-0.296,0.109,0.0,0.0
484,CNN,Politicians on both sides of the Atlantic want answers after Facebook's latest controversy involving the 2016 elect… https://t.co/xz4kGhPVwW,Mon Mar 19 07:19:45 +0000 2018,0.0772,0.0,0.071,0.071
485,CNN,"Neanderthals, Denisovans and our ancestors were mixing and mingling a long time ago -- and some of our genetics can… https://t.co/M2jcavRCEX",Mon Mar 19 07:09:05 +0000 2018,0.0,0.0,0.0,0.0
486,CNN,Republican Sen. Rand Paul says he'll take all necessary steps to oppose President Trump's nominees for secretary of… https://t.co/Ufc2ItNSB2,Mon Mar 19 07:00:01 +0000 2018,0.0,0.0,0.0,0.0
487,CNN,Vladimir Putin is set to extend his power in Russia for another six years after winning Sunday's presidential elect… https://t.co/lz49sht5uY,Mon Mar 19 06:50:45 +0000 2018,0.6249,0.0,0.221,0.221
488,CNN,Myanmar's controversial State Counselor Aung San Suu Kyi has canceled a rare public appearance in Australia due to… https://t.co/fK3pHHp3BG,Mon Mar 19 06:34:31 +0000 2018,-0.2023,0.096,0.0,0.0
489,CNN,"""As I said before, if he tried to do that, that would be the beginning of the end of his presidency."" Republican Se… https://t.co/a0OflRiCCq",Mon Mar 19 06:30:00 +0000 2018,0.0,0.0,0.0,0.0
490,CNN,Donald Trump's weekend of assaults on Robert Mueller's investigation pushed Washington closer than ever to the majo… https://t.co/bpvVU0S9kT,Mon Mar 19 06:16:46 +0000 2018,-0.5423,0.171,0.0,0.0
491,CNN,A fourth winter storm in three weeks is expected to hit New England and the mid-Atlantic this week… https://t.co/9AI72gQHsR,Mon Mar 19 06:11:01 +0000 2018,0.0,0.0,0.0,0.0
492,CNN,About half of all plants and animals in 35 of the world's most biodiverse places are at risk of extinction due to c… https://t.co/L0MKAuUD7c,Mon Mar 19 06:00:02 +0000 2018,-0.2732,0.084,0.0,0.0
493,CNN,Police have identified the six people who died when a pedestrian bridge crumbled on Thursday west of downtown Miami… https://t.co/dmrSTjcMyc,Mon Mar 19 05:52:25 +0000 2018,-0.5574,0.167,0.0,0.0
494,CNN,"It's the kind of artwork you'd expect to see celebrating Mao Zedong, Vladimir Lenin or Kim Il Sung. https://t.co/0gFLfk3o6K",Mon Mar 19 05:37:57 +0000 2018,0.5719,0.0,0.171,0.171
495,CNN,"If President Trump fired Robert Mueller, “that would be the beginning of the end of his presidency, because we are… https://t.co/8nA3uYhXwo",Mon Mar 19 05:30:09 +0000 2018,-0.5574,0.153,0.0,0.0
496,CNN,"Facebook has suspended Cambridge Analytica co-founder Christopher Wylie from using its platform. 

""Suspended by Fa… https://t.co/7mKnSPfKRU",Mon Mar 19 05:29:18 +0000 2018,-0.7351,0.307,0.0,0.0
497,CNN,China's parliament confirmed Monday that deputy governor Yi Gang has been promoted to the top job at the People's B… https://t.co/tQuRsqfzNC,Mon Mar 19 05:02:36 +0000 2018,0.5574,0.0,0.195,0.195
498,CNN,Two women were arrested after allegedly stealing items from a mosque and broadcasting the whole episode on Facebook… https://t.co/xCZe7PMurQ,Mon Mar 19 05:00:20 +0000 2018,-0.7783,0.298,0.0,0.0
499,CNN,A real estate investment startup co-founded by Jared Kushner skirted New York City laws and earned his company more… https://t.co/UyIEh0tXy3,Mon Mar 19 04:39:34 +0000 2018,0.0,0.0,0.0,0.0
